Cites,Authors,Title,Year,Source,Publisher,ArticleURL,CitesURL,GSRank,QueryDate,Type,DOI,ISSN,CitationURL,Volume,Issue,StartPage,EndPage,ECC,CitesPerYear,CitesPerAuthor,AuthorCount,Age,Abstract,FullTextURL,RelatedURL
1,"D Mourelle, L del Puerto, L Perez, L Bergamino…","Late Pleistocene and Late Holocene environment and climate in the campos region of southeastern South America inferred from phytolith, diatom and geochemical …",2020,Palaeogeography …,Elsevier,https://www.sciencedirect.com/science/article/pii/S0031018219308004,https://scholar.google.com/scholar?cites=11662209372744664063&as_sdt=2005&sciodt=2007&hl=en,2,9/15/21 12:16,,10.1016/j.palaeo.2020.109586,,,,,,,1,1,0,5,1,"A paleolimnological study was undertaken for a sediment core from Laguna Formosa, a subtropical lake in the northern campos inland region of Uruguay. The record encompasses a Late Pleistocene and Late Holocene interval, interrupted by a hiatus. We analyzed (1) opal …",,https://scholar.google.com/scholar?q=related:_0OtrqJ92KEJ:scholar.google.com/&scioq=phytoliths+south+america&hl=en&as_sdt=2007&as_ylo=2016&as_yhi=2020
2,"AF Zucol, NI Patterer, E Moya, MGF Pepi",Phytolith analysis of the main species of Distichlis sp.(Chloridoideae: Poaceae) distributed in South America,2019,Review of Palaeobotany and …,Elsevier,https://www.sciencedirect.com/science/article/pii/S003466671830232X,https://scholar.google.com/scholar?cites=5597367242023440898&as_sdt=2005&sciodt=2007&hl=en,3,9/15/21 12:16,,10.1016/j.revpalbo.2019.06.004,,,,,,,2,1,1,4,2,The Saltgrasses are pioneer plants in the early stages of succession in saline soils and constitute particular zonal communities of low species variability. Phytolith assemblage analysis of these species allows a community type to be characterized that consists mainly …,,https://scholar.google.com/scholar?q=related:AhI3utnXrU0J:scholar.google.com/&scioq=phytoliths+south+america&hl=en&as_sdt=2007&as_ylo=2016&as_yhi=2020
13,"M del Pilar Babot, MG Musaubach, A Plos",An archaeobotanical perspective in the study of inflorescence phytoliths of wild grasses from arid and semi-arid environments of Argentina,2017,Quaternary International,Elsevier,https://www.sciencedirect.com/science/article/pii/S1040618216001713,https://scholar.google.com/scholar?cites=7543515037191354706&as_sdt=2005&sciodt=2007&hl=en,6,9/15/21 12:16,,10.1016/j.quaint.2016.02.045,,,,,,,13,"3,25",4,3,4,"… all over the world by hunter-gatherer with evidences as much in South America as in … The goal of this paper is to document phytoliths in inflorescence axis, and in kernels … We could observe typical phytolith morphotypes from specific anatomical parts of grasses, but non-taxon …",https://www.researchgate.net/profile/Pilar-Babot/publication/301702603_An_archaeobotanical_perspective_in_the_study_of_inflorescence_phytoliths_of_wild_grasses_from_arid_and_semi-arid_environments_of_Argentina/links/5ca66b2292851c64bd50ad74/An-archaeobotanical-perspective-in-the-study-of-inflorescence-phytoliths-of-wild-grasses-from-arid-and-semi-arid-environments-of-Argentina.pdf,https://scholar.google.com/scholar?q=related:UrmbhfXyr2gJ:scholar.google.com/&scioq=phytoliths+south+america&hl=en&as_sdt=2007&as_ylo=2016&as_yhi=2020
43,"G Morcote-Ríos, R Bernal, L Raz","Phytoliths as a tool for archaeobotanical, palaeobotanical and palaeoecological studies in Amazonian palms",2016,Botanical journal of the …,academic.oup.com,https://academic.oup.com/botlinnean/article-abstract/182/2/348/2707823,https://scholar.google.com/scholar?cites=4688070070342238539&as_sdt=2005&sciodt=2007&hl=en,9,9/15/21 12:16,,10.1111/boj.12438,,,,,,,43,"8,6",14,3,5,"… variables to describe globular echinate phytoliths in ten mostly subtropical South American palm species … on an almost identical taxonomic sample and demonstrated that phytolith diameter was … Bowdery (2015) also tried to differentiate globular echinate phytoliths and, using a …",,https://scholar.google.com/scholar?q=related:S8Hj-ONeD0EJ:scholar.google.com/&scioq=phytoliths+south+america&hl=en&as_sdt=2007&as_ylo=2016&as_yhi=2020
14,"SN Huisman, MF Raczka…",Palm phytoliths of mid-elevation Andean forests,2018,… in Ecology and …,internal-journal.frontiersin.org,https://internal-journal.frontiersin.org/articles/10.3389/fevo.2018.00193/full,https://scholar.google.com/scholar?cites=15931038082180630561&as_sdt=2005&sciodt=2007&hl=en,12,9/15/21 12:16,HTML,10.3389/fevo.2018.00193,,,,,,,14,"4,67",5,3,3,"… categorization. Though we have classified new subtypes of phytoliths, the examination of the herbarium material suggested that phytolith morphologies occur as a gradient as opposed to clearly defined differences in types. For …",https://internal-journal.frontiersin.org/articles/10.3389/fevo.2018.00193/full,https://scholar.google.com/scholar?q=related:IciYv7pqFt0J:scholar.google.com/&scioq=phytoliths+south+america&hl=en&as_sdt=2007&as_ylo=2016&as_yhi=2020
9,"AF Zucol, JM Krause, M Brea, MS Raigemborn…",Emergence of grassy habitats during the greenhouse–icehouse systems transition in the Middle Eocene of southern South America,2018,Ameghiniana,BioOne,https://bioone.org/journals/ameghiniana/volume-55/issue-4/AMGH.12.03.2018.3152/Emergence-of-Grassy-Habitats-during-the-GreenhouseIcehouse-Systems-Transition-in/10.5710/AMGH.12.03.2018.3152.short,https://scholar.google.com/scholar?cites=17409736936454604029&as_sdt=2005&sciodt=2007&hl=en,14,9/15/21 12:16,,10.5710/AMGH.12.03.2018.3152,,,,,,,9,3,2,5,3,"… fragmentary vertebrate remains from the Casamayoran South American Land Mammal Age (SALMA), fossil dung- beetle brood balls (Coprinisphaera) and … 6.7), phytoliths. Comparison of phytolith assemblages from LF shows that the groups can be differentiated mainly by the …",https://www.researchgate.net/profile/Maria-Raigemborn/publication/328047977_Emergence_of_Grassy_Habitats_during_the_Greenhouse-Icehouse_Systems_Transition_in_the_Middle_Eocene_of_Southern_South_America/links/5bb4bebc92851ca9ed37717d/Emergence-of-Grassy-Habitats-during-the-Greenhouse-Icehouse-Systems-Transition-in-the-Middle-Eocene-of-Southern-South-America.pdf,https://scholar.google.com/scholar?q=related:_cRfwoDPm_EJ:scholar.google.com/&scioq=phytoliths+south+america&hl=en&as_sdt=2007&as_ylo=2016&as_yhi=2020
5,"LF Cantil, ES Bellosi, MV Sánchez, MG González…",The earliest burst of necrophagous dung beetles in South America revealed by the Cenozoic record of Coprinisphaera,2020,…,Wiley Online Library,https://onlinelibrary.wiley.com/doi/abs/10.1111/let.12368,https://scholar.google.com/scholar?cites=15274706088001085686&as_sdt=2005&sciodt=2007&hl=en,16,9/15/21 12:16,,10.1111/let.12368,,,,,,,5,5,1,5,1,… balls indicate that the comparison between the relative abundance of phytoliths in the … The record of Coprinisphaera in South American Cenozoic palaeosols has provided data on the diet of herbivore mammals and the associated vegetation by phytolith analysis (Sánchez et …,,https://scholar.google.com/scholar?q=related:9iDNF0Ko-tMJ:scholar.google.com/&scioq=phytoliths+south+america&hl=en&as_sdt=2007&as_ylo=2016&as_yhi=2020
8,"H Plumpton, B Whitney, F Mayle",Ecosystem turnover in palaeoecological records: The sensitivity of pollen and phytolith proxies to detecting vegetation change in southwestern Amazonia,2019,The Holocene,journals.sagepub.com,https://journals.sagepub.com/doi/abs/10.1177/0959683619862021,https://scholar.google.com/scholar?cites=2978929236377522069&as_sdt=2005&sciodt=2007&hl=en,20,9/15/21 12:16,,10.1177/0959683619862021,,,,,,,8,4,3,3,2,Identification of ecosystem turnover in the palaeo-vegetation record is important for understanding the resilience of ecosystems to past environmental change. There is uncertainty over the ability ...,http://centaur.reading.ac.uk/83798/1/Plumpton_etal_Holocene_accepted_May-2019.pdf,https://scholar.google.com/scholar?q=related:lc9OgVtIVykJ:scholar.google.com/&scioq=phytoliths+south+america&hl=en&as_sdt=2007&as_ylo=2016&as_yhi=2020
8,"EC da Silva Neto, MR Calegari, MG Pereira…","Phytoliths as indicators of pedogenesis and paleoenvironmental changes in Spodosols of the state of Rio de Janeiro, Brazil",2018,Science of the Total …,Elsevier,https://www.sciencedirect.com/science/article/pii/S0048969718314918,https://scholar.google.com/scholar?cites=14074484076690007534&as_sdt=2005&sciodt=2007&hl=en,21,9/15/21 12:16,,10.1016/j.scitotenv.2018.04.313,,,,,,,8,"2,67",2,4,3,"… Phytolith assemblage analysis can be used to identify past Poaceae subfamilies associations and the density of tree cover (by relative proportion of the dicotyledon phytoliths), as shown by numerous studies carried out in South America (Piperno and Becker, 1996; Alexandre et …",https://www.researchgate.net/profile/Deyvid-Maranhao/publication/325010119_Phytoliths_as_indicators_of_pedogenesis_and_paleoenvironmental_changes_in_Spodosols_of_the_state_of_Rio_de_Janeiro_Brazil/links/5d52c231458515304071c73e/Phytoliths-as-indicators-of-pedogenesis-and-paleoenvironmental-changes-in-Spodosols-of-the-state-of-Rio-de-Janeiro-Brazil.pdf,https://scholar.google.com/scholar?q=related:7uX_q7KcUsMJ:scholar.google.com/&scioq=phytoliths+south+america&hl=en&as_sdt=2007&as_ylo=2016&as_yhi=2020
2,"HJ Plumpton, FM Mayle, BS Whitney",Paleoecological potential of phytoliths from lake sediment records from the tropical lowlands of Bolivia,2020,Review of Palaeobotany and …,Elsevier,https://www.sciencedirect.com/science/article/pii/S0034666718302641,https://scholar.google.com/scholar?cites=13973764825116217681&as_sdt=2005&sciodt=2007&hl=en,22,9/15/21 12:16,,10.1016/j.revpalbo.2019.104113,,,,,,,2,2,1,3,1,"… Comparison between these phytolith and pollen assemblages provides a useful reference point for paleoecologists, drawing out potential areas where phytoliths from lake sediments can provide additional, useful information … Inset map of South America …",http://centaur.reading.ac.uk/87043/1/Plumpton%20etal%20Rev%20Pal%20Pal%20Oct%202019%20-%20accepted.pdf,https://scholar.google.com/scholar?q=related:UZHmfxLJ7MEJ:scholar.google.com/&scioq=phytoliths+south+america&hl=en&as_sdt=2007&as_ylo=2016&as_yhi=2020
5,"VL Aguilar, G Heider, R Curtoni, M Borgo…",Late Holocene plant use in the Sierras Pampeanas of Argentina: Evidence from phytoliths and starch grains,2018,Journal of …,Elsevier,https://www.sciencedirect.com/science/article/pii/S2352409X17308222,https://scholar.google.com/scholar?cites=12302741347564811824&as_sdt=2005&sciodt=2007&hl=en,25,9/15/21 12:16,,10.1016/j.jasrep.2018.08.025,,,,,,,5,"1,67",1,5,3,"… Share. Export. Advanced. Elsevier. Journal of Archaeological Science: Reports. Volume 21, October 2018, Pages 413-421. Journal of Archaeological Science: Reports. Late Holocene plant use in the Sierras Pampeanas of Argentina: Evidence from phytoliths and starch grains …",https://www.academia.edu/download/65512375/Lalinde_et_al_2018_JAR.pdf,https://scholar.google.com/scholar?q=related:MHYcqRIevKoJ:scholar.google.com/&scioq=phytoliths+south+america&hl=en&as_sdt=2007&as_ylo=2016&as_yhi=2020
4,FJ Astudillo,"Soil phytoliths as indicators of initial human impact on San Cristóbal Island, Galápagos",2018,"Palaeogeography, palaeoclimatology, palaeoecology",Elsevier,https://www.sciencedirect.com/science/article/pii/S0031018217300615,https://scholar.google.com/scholar?cites=5650876636105581670&as_sdt=2005&sciodt=2007&hl=en,26,9/15/21 12:16,,10.1016/j.palaeo.2017.11.038,,,,,,,4,"1,33",4,1,3,… Abstract. I analyzed phytoliths from soil profiles on San Cristóbal Island in the Galápagos Islands to determine whether historical human impact and recent vegetation dynamics are visible in the phytolith record. I extracted phytoliths …,https://www.academia.edu/download/55283296/Astudillo_2018_Soil_phytoliths_as_indicators_of_initial_human_impact_on_San_Cristobal_Island.pdf,https://scholar.google.com/scholar?q=related:ZqSgZFzya04J:scholar.google.com/&scioq=phytoliths+south+america&hl=en&as_sdt=2007&as_ylo=2016&as_yhi=2020
2,"DR Piperno, C McMichael",Phytoliths in modern plants from Amazonia and the Neotropics at large: Implications for vegetation history reconstruction,2020,Quaternary International,Elsevier,https://www.sciencedirect.com/science/article/pii/S1040618220306698,https://scholar.google.com/scholar?cites=1435897169718353868&as_sdt=2005&sciodt=2007&hl=en,28,9/15/21 12:16,,10.1016/j.quaint.2020.10.043,,,,,,,2,2,1,2,1,"… Tropical forests are not made of trees alone; there are numerous lianas, vines, shrubs, sub-shrubs, and eudicotyledonous herbs, whose phytolith attributes are little studied. To provide the most in-depth appraisal of phytoliths as repositories of vegetational history, we studied the …",,https://scholar.google.com/scholar?q=related:zB8NP95U7RMJ:scholar.google.com/&scioq=phytoliths+south+america&hl=en&as_sdt=2007&as_ylo=2016&as_yhi=2020
3,"NI Patterer, AF Zucol, MGF Pepi, M Brea","Plant and soil phytolith analysis of a relictual community of Butia yatay in temperate-humid savannas (Entre Ríos, Argentina)",2019,Quaternary International,Elsevier,https://www.sciencedirect.com/science/article/pii/S1040618218305706,https://scholar.google.com/scholar?cites=12304723066528072058&as_sdt=2005&sciodt=2007&hl=en,31,9/15/21 12:16,,10.1016/j.quaint.2019.07.019,,,,,,,3,"1,5",1,4,2,"… recognized as a plant group of tropical and sub-tropical ecosystems, in South America they can … in warm and humid climates, it is important to know what phytolith contribution these … This modern analogue study assessed the variability of silica phytoliths in 15 selected species of …",https://www.researchgate.net/profile/Alejandro-Zucol/publication/334406129_Plant_and_soil_phytolith_analysis_of_a_relictual_community_of_Butia_yatay_in_temperate-humid_savannas_Entre_Rios_Argentina/links/5d891e6c458515cbd1be1c26/Plant-and-soil-phytolith-analysis-of-a-relictual-community-of-Butia-yatay-in-temperate-humid-savannas-Entre-Rios-Argentina.pdf,https://scholar.google.com/scholar?q=related:egH2j28ow6oJ:scholar.google.com/&scioq=phytoliths+south+america&hl=en&as_sdt=2007&as_ylo=2016&as_yhi=2020
12,"GG Rasbold, MM McGlue, JC Stevaux, M Parolin…",Sponge spicule and phytolith evidence for Late Quaternary environmental changes in the tropical Pantanal wetlands of western Brazil,2019,Palaeogeography …,Elsevier,https://www.sciencedirect.com/science/article/pii/S0031018218307880,https://scholar.google.com/scholar?cites=10813252885567344349&as_sdt=2005&sciodt=2007&hl=en,34,9/15/21 12:16,,10.1016/j.palaeo.2019.01.015,,,,,,,12,6,2,5,2,"… Sponge spicule and phytolith evidence for Late Quaternary environmental changes in the tropical Pantanal wetlands of western Brazil … Show more Share. Cite … Highlights. • We perform phytoliths, sponge spicules, organic carbon, and 14 C dating. • …",https://www.alice.cnptia.embrapa.br/bitstream/doc/1112334/1/Spongespiculeandphytolith2019.pdf,https://scholar.google.com/scholar?q=related:3Y61VjVkEJYJ:scholar.google.com/&scioq=phytoliths+south+america&hl=en&as_sdt=2007&as_ylo=2016&as_yhi=2020
7,"SDF Ricardo, HHG Coe, RR Dias, LOF de Sousa…","Reference collection of plant phytoliths from the Caatinga biome, Northeast Brazil",2018,Flora,Elsevier,https://www.sciencedirect.com/science/article/pii/S0367253018302834,https://scholar.google.com/scholar?cites=17834633593388413859&as_sdt=2005&sciodt=2007&hl=en,38,9/15/21 12:16,,10.1016/j.flora.2018.09.003,,,,,,,7,"2,33",1,5,3,"… Phytoliths can be classified by taxonomy or by their physical characteristics and are usually studied through analysis of their assemblages. After identifying phytolith morphotypes, the calculation of phytolyth indices helps to infer some important environmental parameters, such …",https://www.researchgate.net/profile/Sarah-Ricardo/publication/327662263_Reference_collection_of_plant_phytoliths_from_the_Caatinga_biome_Northeast_Brazil/links/5bb5248145851574f7f7e686/Reference-collection-of-plant-phytoliths-from-the-Caatinga-biome-Northeast-Brazil.pdf,https://scholar.google.com/scholar?q=related:ozMq4cJYgfcJ:scholar.google.com/&scioq=phytoliths+south+america&hl=en&as_sdt=2007&as_ylo=2016&as_yhi=2020
3,"GG Rasbold, JC Stevaux, M Parolin, IT Leli…","Phytoliths indicate environmental changes correlated with facies analysis in a paleo island-lake, Upper Paraná River, Brazil",2020,… of South American Earth …,Elsevier,https://www.sciencedirect.com/science/article/pii/S0895981120300262,https://scholar.google.com/scholar?cites=12941543063240851306&as_sdt=2005&sciodt=2007&hl=en,42,9/15/21 12:16,,10.1016/j.jsames.2020.102513,,,,,,,3,3,1,5,1,"Phytolith analysis has become a useful tool for paleoenvironmental studies. Phytoliths are produced by plants and are composed of biogenic silica, giving them higher resistance to diagenetic and oxidation processes that commonly occur in tropical sediments. Here, we …",,https://scholar.google.com/scholar?q=related:aj_kSdmYmbMJ:scholar.google.com/&scioq=phytoliths+south+america&hl=en&as_sdt=2007&as_ylo=2016&as_yhi=2020
5,"LD Luz, M Parolin, LCR PESSENDA…","Multiproxy analysis (Phytoliths, stable isotopes, and c/n) as indicators of paleoenvironmental changes in a Cerrado site, Southern Brazil",2019,Revista Brasileira de …,researchgate.net,https://www.researchgate.net/profile/Leandro-Luz/publication/333087925_Multiproxy_analysis_phytoliths_stable_isotopes_and_CN_as_indicators_of_paleoenvironmental_changes_in_a_Cerrado_Site_Southern_Brazil/links/5cddbcd1a6fdccc9ddb54832/Multiproxy-analysis-phytoliths-stable-isotopes-and-C-N-as-indicators-of-paleoenvironmental-changes-in-a-Cerrado-Site-Southern-Brazil.pdf,https://scholar.google.com/scholar?cites=6910455738236965398&as_sdt=2005&sciodt=2007&hl=en,43,9/15/21 12:16,PDF,10.4072/rbp.2019.1.02,,,,,,,5,"2,5",1,4,2,"… during a dry/less humid climate occurred almost entirely on the South American continent in … Furthermore, the phytolith analysis can also be associated with stable carbon isotope analysis (Coe … The formation of phytoliths (SiO2.nH2O) starts when silica (Si) is absorbed by plants …",https://www.researchgate.net/profile/Leandro-Luz/publication/333087925_Multiproxy_analysis_phytoliths_stable_isotopes_and_CN_as_indicators_of_paleoenvironmental_changes_in_a_Cerrado_Site_Southern_Brazil/links/5cddbcd1a6fdccc9ddb54832/Multiproxy-analysis-phytoliths-stable-isotopes-and-C-N-as-indicators-of-paleoenvironmental-changes-in-a-Cerrado-Site-Southern-Brazil.pdf,https://scholar.google.com/scholar?q=related:FpKseeHe5l8J:scholar.google.com/&scioq=phytoliths+south+america&hl=en&as_sdt=2007&as_ylo=2016&as_yhi=2020
7,"M Stevanato, GG Rasbold, M Parolin, LD Luz, E Lo…",New characteristics of the papillae phytolith morphotype recovered from eleven genera of cyperaceae,2019,Flora,Elsevier,https://www.sciencedirect.com/science/article/pii/S0367253018303712,https://scholar.google.com/scholar?cites=13969484737020494828&as_sdt=2005&sciodt=2007&hl=en,44,9/15/21 12:16,,10.1016/j.flora.2019.03.012,,,,,,,7,"3,5",1,6,2,"… Eds.), Synthesis of Some Phytolith Studies in South America (Brazil and Argentina), Nova Science Publishers, New York (2014), pp. 29-47. Google Scholar. Bremond et al., 2005 L. Bremond, A. Alexandre, O. Peyron, J. GuiotGrass water stress estimated from phytoliths in West …",,https://scholar.google.com/scholar?q=related:7ANZ1VqU3cEJ:scholar.google.com/&scioq=phytoliths+south+america&hl=en&as_sdt=2007&as_ylo=2016&as_yhi=2020
4,"AIA Ramírez, GG Rasbold, M Parolin…",Phytoliths and seeds in fluvial island paleoenviroment reconstruction (interaction with pollen analysis),2019,Journal of South American …,Elsevier,https://www.sciencedirect.com/science/article/pii/S0895981118303687,https://scholar.google.com/scholar?cites=13772733997671182638&as_sdt=2005&sciodt=2007&hl=en,45,9/15/21 12:16,,10.1016/j.jsames.2018.10.011,,,,,,,4,2,1,4,2,We tested the use of phytoliths and seeds as bioindicators in the paleoenvironmental reconstruction of fluvial islands and compared the results with those of facies and pollen analyses. The studied material was taken from a 215 cm core drilled in Mutum Island. The …,,https://scholar.google.com/scholar?q=related:LvEijZmUIr8J:scholar.google.com/&scioq=phytoliths+south+america&hl=en&as_sdt=2007&as_ylo=2016&as_yhi=2020
13,"MR Calegari, SDL Paisani, FA Cecchet…",Phytolith signature on the Araucarias Plateau–vegetation change evidence in Late Quaternary (South Brasil),2017,Quaternary …,Elsevier,https://www.sciencedirect.com/science/article/pii/S1040618215013439,https://scholar.google.com/scholar?cites=13556523617786778582&as_sdt=2005&sciodt=2007&hl=en,48,9/15/21 12:16,,10.1016/j.quaint.2015.11.095,,,,,,,13,"3,25",3,4,4,"… unit that occupies approximately three-quarters of the terrain in the southern area of South Brazil, between the … 2 and 5). On Surface 2, in analysing the vertical distribution of the phytolith assemblage it is perceived that there are trends of concentrations of phytoliths at depths …",https://www.researchgate.net/profile/Marcia-Calegari/publication/290601332_Phytolith_signature_on_the_Araucarias_Plateau_-_Vegetation_change_evidence_in_Late_Quaternary_South_Brasil/links/56e0205008aec4b3333cfecd/Phytolith-signature-on-the-Araucarias-Plateau-Vegetation-change-evidence-in-Late-Quaternary-South-Brasil.pdf,https://scholar.google.com/scholar?q=related:1tNfo2dyIrwJ:scholar.google.com/&scioq=phytoliths+south+america&hl=en&as_sdt=2007&as_ylo=2016&as_yhi=2020
17,"MR Calegari, M Madella, LT Brustolin…","Potential of soil phytoliths, organic matter and carbon isotopes for small-scale differentiation of tropical rainforest vegetation: a pilot study from the campos nativos of …",2017,Quaternary …,Elsevier,https://www.sciencedirect.com/science/article/pii/S1040618216000410,https://scholar.google.com/scholar?cites=8566559147643518241&as_sdt=2005&sciodt=2007&hl=en,50,9/15/21 12:16,,10.1016/j.quaint.2016.01.023,,,,,,,17,"4,25",4,4,4,"… study and especially the possibility to identify, through vegetation proxies such as phytoliths and carbon … work we present a pilot study to assess the potentials of soil phytolith, total organic … rainforest (Atlantic Forest) of the northern coast of Espírito Santo State, south-eastern Brazil …",,https://scholar.google.com/scholar?q=related:IT2qPiiI4nYJ:scholar.google.com/&scioq=phytoliths+south+america&hl=en&as_sdt=2007&as_ylo=2016&as_yhi=2020
0,FJ Astudillo,Illustrated catalogue of phytoliths from modern plants of the Galápagos Islands: Economic species of San Cristóbal Island,2019,ACI Avances en Ciencias e …,desarrollo-revistas.usfq.edu.ec,https://desarrollo-revistas.usfq.edu.ec/index.php/avances/article/view/969,,55,9/15/21 12:16,,10.18272/aci.v11i3.969,,,,,,,0,0,0,1,2,"… Identifying crop plants with phytoliths (and starch grains) in Central and South America: A review and … tropical American grasses: morphology, taxonomy, and implications for grass systematics and fossil phytolith identification … Phytoliths from the coastal savannas of French Guiana …",,
53,"U Lombardo, J Iriarte, L Hilbert, J Ruiz-Pérez…",Early Holocene crop cultivation and landscape modification in Amazonia,2020,Nature,nature.com,https://www.nature.com/articles/s41586-020-2162-7,https://scholar.google.com/scholar?cites=858601004614917347&as_sdt=2005&sciodt=2007&hl=en,56,9/15/21 12:16,,10.1038/s41586-020-2162-7,,,,,,,53,53,11,5,1,"… World (Near East and China) and two in the New World (southwestern Mexico and northwestern South America) 1 . However … We analysed phytoliths from the radiocarbon-dated profiles of 30 forest islands (Figs. 2, 3). The earliest evidence of Manihot is a heart-shaped phytolith.",https://www.ncbi.nlm.nih.gov/pmc/articles/pmc7250647/,https://scholar.google.com/scholar?q=related:45zdixBd6gsJ:scholar.google.com/&scioq=phytoliths+south+america&hl=en&as_sdt=2007&as_ylo=2016&as_yhi=2020
14,"HHG Coe, RCCL Souza, MR Duarte, SDF Ricardo…","Characterisation of phytoliths from the stratigraphic layers of the Sambaqui da Tarioba (Rio das Ostras, RJ, Brazil)",2017,Flora,Elsevier,https://www.sciencedirect.com/science/article/pii/S0367253017333169,https://scholar.google.com/scholar?cites=3230283126322904895&as_sdt=2005&sciodt=2007&hl=en,57,9/15/21 12:16,,10.1016/j.flora.2017.09.007,,,,,,,14,"3,5",3,5,4,"… Since the beginning of the Holocene, people have occupied the Central-south Brazilian coast, as it … Regarding phytoliths, D/P index suggests a forest vegetation, and Bi% values indicate a … PCA analysis done using phytolith types, presence of charcoal, spicules of sponges and …",https://www.researchgate.net/profile/David-Machado-12/publication/319985465_Characterisation_of_phytoliths_from_the_stratigraphic_layers_of_the_Sambaqui_da_Tarioba_Rio_das_Ostras_RJ_Brazil/links/5e7f4f12458515efa0b201e3/Characterisation-of-phytoliths-from-the-stratigraphic-layers-of-the-Sambaqui-da-Tarioba-Rio-das-Ostras-RJ-Brazil.pdf,https://scholar.google.com/scholar?q=related:Pz9qfGNF1CwJ:scholar.google.com/&scioq=phytoliths+south+america&hl=en&as_sdt=2007&as_ylo=2016&as_yhi=2020
9,"SA Contreras, AF Zucol",Late Quaternary vegetation history based on phytolith records in the eastern Chaco (Argentina),2019,Quaternary International,Elsevier,https://www.sciencedirect.com/science/article/pii/S1040618217311412,https://scholar.google.com/scholar?cites=9897254738632930269&as_sdt=2005&sciodt=2007&hl=en,62,9/15/21 12:16,,10.1016/j.quaint.2018.03.002,,,,,,,9,"4,5",5,2,2,"… capability to characterize grasslands is due to the fact that phytoliths are particularly … in the relative frequency of any particular morphotype in grass phytolith assemblages recovered … variations in plant communities in different phytogeographic regions of South America, as well as …",https://www.researchgate.net/profile/Alejandro-Zucol/publication/323671764_Late_Quaternary_vegetation_history_based_on_phytolith_records_in_the_eastern_Chaco_Argentina/links/5b7eca744585151fd12a9bc8/Late-Quaternary-vegetation-history-based-on-phytolith-records-in-the-eastern-Chaco-Argentina.pdf,https://scholar.google.com/scholar?q=related:3XPEM78cWokJ:scholar.google.com/&scioq=phytoliths+south+america&hl=en&as_sdt=2007&as_ylo=2016&as_yhi=2020
75,"L Hilbert, EG Neves, F Pugliese, BS Whitney…",Evidence for mid-Holocene rice domestication in the Americas,2017,Nature Ecology & …,nature.com,https://www.nature.com/articles/s41559-017-0322-4,https://scholar.google.com/scholar?cites=15589809375009944526&as_sdt=2005&sciodt=2007&hl=en,63,9/15/21 12:16,,10.1038/s41559-017-0322-4,,,,,,,75,"18,75",15,5,4,… areas that compose up to 10% (1.4 × 10 6 km 2 ) of lowland South America (Fig … South American accounts hint towards the importance and culinary practices involving wild rice … husk phytoliths recovered from mid-Holocene levels of a shell mound in southwestern Amazonia (Fig …,https://ore.exeter.ac.uk/repository/bitstream/handle/10871/33891/OpenAccessRepositoryVersion_NATECOEVO_LHilbert_et.al.pdf?sequence=1,https://scholar.google.com/scholar?q=related:zrOFOQchWtgJ:scholar.google.com/&scioq=phytoliths+south+america&hl=en&as_sdt=2007&as_ylo=2016&as_yhi=2020
6,"S Contreras, AF Zucol, C Méndez, A Zurita",Phytolith analysis in Pliocene-Pleistocene fluvial sediments from northeastern Argentina,2019,Journal of South American …,Elsevier,https://www.sciencedirect.com/science/article/pii/S0895981118301731,https://scholar.google.com/scholar?cites=18231150287221340370&as_sdt=2005&sciodt=2007&hl=en,64,9/15/21 12:16,,10.1016/j.jsames.2018.12.023,,,,,,,6,3,2,4,2,"Abstract The Argentinean Mesopotamian region is a plain limited by large rivers, with an interesting environment history and climate changes, especially during late Neogene and Quaternary periods. Within the Mesopotamia, Corrientes Province is particularly attractive …",https://www.researchgate.net/profile/Alejandro-Zucol/publication/329901822_Phytolith_analysis_in_Pliocene-Pleistocene_fluvial_sediments_from_northeastern_Argentina/links/5ce31688299bf14d95aba937/Phytolith-analysis-in-Pliocene-Pleistocene-fluvial-sediments-from-northeastern-Argentina.pdf,https://scholar.google.com/scholar?q=related:0riW7JcOAv0J:scholar.google.com/&scioq=phytoliths+south+america&hl=en&as_sdt=2007&as_ylo=2016&as_yhi=2020
4,"KF Chueng, HHG Coe, CHRR Augustin…","Landscape paleodynamics in siliciclastic domains with the use of phytoliths, sponge spicules and carbon isotopes: The case of southern Espinhaço Mountain Range …",2019,… of South American Earth …,Elsevier,https://www.sciencedirect.com/science/article/pii/S089598111930197X,https://scholar.google.com/scholar?cites=4085734706799421085&as_sdt=2005&sciodt=2007&hl=en,66,9/15/21 12:16,,10.1016/j.jsames.2019.102232,,,,,,,4,2,1,4,2,"Mountain ranges formed mainly of siliciclastic rocks in humid tropical regions, such as that of Espinhaço, Brazil, present particular landscape features related to processes not yet fully understood. These processes are mainly controlled by the response of the rocks to climate …",,https://scholar.google.com/scholar?q=related:naZDlRFyszgJ:scholar.google.com/&scioq=phytoliths+south+america&hl=en&as_sdt=2007&as_ylo=2016&as_yhi=2020
0,"RR Dias, HHG Coe, IF Lepsch, SDF Ricardo…",Morphological variation of phytoliths according to leaf senescence and position in the organs of Brachiaria decumbens,2019,Flora,Elsevier,https://www.sciencedirect.com/science/article/pii/S0367253019304827,,69,9/15/21 12:16,,10.1016/j.flora.2019.151478,,,,,,,0,0,0,5,2,"… Seeds have less phytolith content than other organs (Table 1). Si accumulation (Table 1) begins when the leaf is still unfolded in the youngest stage (L0), with the mass of phytoliths increasing rapidly and progressively as the leaf expands (up to L6). Phytolith content continues …",,https://scholar.google.com/scholar?q=related:WPWjhzYOUh4J:scholar.google.com/&scioq=phytoliths+south+america&hl=en&as_sdt=2007&as_ylo=2016&as_yhi=2020
0,"DW da Silva, M Camargo Filho, M Parolin, LG Bertotti",Paleoenvironmental analysis from the main phytoliths morphotypes found in peat sediment in Guarapuava region-Paraná.,2016,Ambiência,cabdirect.org,https://www.cabdirect.org/cabdirect/abstract/20163158581,,70,9/15/21 12:16,,10.5935/ambiencia.2016.01.01,,,,,,,0,0,0,4,5,"There is a growing concern among scientists in relation to environmental events that were effective in the past in order to seek a better understanding of processes and current settings. Thus, studies on the Quaternary have in essence the concern of the past with the present, using …",,
4,"J Watling, MT Castro, MF Simon, FO Rodrigues…","Phytoliths from native plants and surface soils from the Upper Madeira river, SW Amazonia, and their potential for paleoecological reconstruction",2020,Quaternary …,Elsevier,https://www.sciencedirect.com/science/article/pii/S1040618220301506,https://scholar.google.com/scholar?cites=13552803747235683549&as_sdt=2005&sciodt=2007&hl=en,80,9/15/21 12:16,,10.1016/j.quaint.2020.03.045,,,,,,,4,4,1,5,1,"… Our discussion focuses on the comparison between the surface soil phytolith records and the above-ground floristic inventories, scrutinized considering the plant reference collection results. We found that the phytoliths of several species which produce diagnostic or potentially …",https://www.academia.edu/download/63300866/Phytoliths_from_Native_Plants_and_Surface_Soils_from_20200513-53223-8lva7z.pdf,https://scholar.google.com/scholar?q=related:3dyQyDM7FbwJ:scholar.google.com/&scioq=phytoliths+south+america&hl=en&as_sdt=2007&as_ylo=2016&as_yhi=2020
2,"EC da Silva Neto, MG Pereira, LHC dos Anjos…",Phytoliths as paleopedological records of an histosol-cambisol-ferralsol sequence in Southeastern Brazil,2020,Catena,Elsevier,https://www.sciencedirect.com/science/article/pii/S0341816220301922,https://scholar.google.com/scholar?cites=6143802350945368119&as_sdt=2005&sciodt=2007&hl=en,87,9/15/21 12:16,,10.1016/j.catena.2020.104642,,,,,,,2,2,1,4,1,"… Phytoliths are used as indicators of pedogenesis and paleoenvironmental changes … In this study we hypothesized that analysis of the pedological cover combining soil phytolith assemblages and pedological, geochemical and isotopic analyses (δ 13 C and 14 C) allows the …",https://www.researchgate.net/profile/Marcos-Pereira-7/publication/341294870_Phytoliths_as_paleopedological_records_of_an_histosol-cambisol-ferralsol_sequence_in_Southeastern_Brazil/links/5f3c1791a6fdcccc43d30aff/Phytoliths-as-paleopedological-records-of-an-histosol-cambisol-ferralsol-sequence-in-Southeastern-Brazil.pdf,https://scholar.google.com/scholar?q=related:N_hO2q8rQ1UJ:scholar.google.com/&scioq=phytoliths+south+america&hl=en&as_sdt=2007&as_ylo=2016&as_yhi=2020
13,"U Lombardo, J Ruiz-Pérez, M Madella","Sonication improves the efficiency, efficacy and safety of phytolith extraction",2016,Review of Palaeobotany and …,Elsevier,https://www.sciencedirect.com/science/article/pii/S0034666716301506,https://scholar.google.com/scholar?cites=10674788114945902273&as_sdt=2005&sciodt=2007&hl=en,92,9/15/21 12:16,,10.1016/j.revpalbo.2016.09.008,,,,,,,13,"2,6",4,3,5,… Phytolith analysis consists in identifying and counting phytoliths mounted on glass slides using transmitted light microscopy. It is a time consuming activity which can be very challenging and biased if the extraction of phytoliths is unsatisfactory. As noted in Madella et al …,https://www.sciencedirect.com/science/article/am/pii/S0034666716301506,https://scholar.google.com/scholar?q=related:wYbpqzt3JJQJ:scholar.google.com/&scioq=phytoliths+south+america&hl=en&as_sdt=2007&as_ylo=2016&as_yhi=2020
7,"M De Rito, MF Honaine, M Osterrieth, E Morel",Silicophytoliths from a Pampean native tree community (Celtis ehrenbergiana community) and their representation in the soil assemblage,2018,Review of Palaeobotany …,Elsevier,https://www.sciencedirect.com/science/article/pii/S0034666717302397,https://scholar.google.com/scholar?cites=3520847535828901080&as_sdt=2005&sciodt=2007&hl=en,103,9/15/21 12:16,,10.1016/j.revpalbo.2018.06.002,,,,,,,7,"2,33",2,4,3,"… produced abundant diagnostic phytoliths but they were very scarce in soils. • … Plant phytolith production and their incorporation into soil assemblages has been studied by diverse … these types of studies are scarce in native plant communities from South America, especially in non …",,https://scholar.google.com/scholar?q=related:2Bxk-S2Q3DAJ:scholar.google.com/&scioq=phytoliths+south+america&hl=en&as_sdt=2007&as_ylo=2016&as_yhi=2020
7,"R Dickau, J Iriarte, T Quine, D Soto…","Reconstructing pre-Colombian agricultural practices in the Bolivian savannah: stratigraphic and phytolith evidence from raised fields at Campo España, western …",2016,… do LEPAARQ (UFPEL …,periodicos.ufpel.edu.br,http://periodicos.ufpel.edu.br/ojs2/index.php/lepaarq/article/view/7391,https://scholar.google.com/scholar?cites=4654878727254742074&as_sdt=2005&sciodt=2007&hl=en,107,9/15/21 12:16,,10.15210/lepaarq.v13i25.7391,,,,,,,7,"1,4",1,5,5,"… situated to the south of a complex of earth mounds, causeways, and canals, which appear to be the … arboreal phytoliths drop to their lowest levels, only 1-4% of the total counted phytoliths. Table 4: Phytolith morphotypes counted and their taxonomic associations …",https://periodicos.ufpel.edu.br/ojs2/index.php/lepaarq/article/download/7391/5701,https://scholar.google.com/scholar?q=related:OpSKMopzmUAJ:scholar.google.com/&scioq=phytoliths+south+america&hl=en&as_sdt=2007&as_ylo=2016&as_yhi=2020
4,"HJ Plumpton, FE Mayle, BS Whitney",Long-term impacts of mid-Holocene drier climatic conditions on Bolivian tropical dry forests,2020,Quaternary Research,cambridge.org,https://www.cambridge.org/core/journals/quaternary-research/article/longterm-impacts-of-midholocene-drier-climatic-conditions-on-bolivian-tropical-dry-forests/01CCBDAB4702D0EE235077E1EBB2529D,https://scholar.google.com/scholar?cites=11999652939043493656&as_sdt=2005&sciodt=2007&hl=en,112,9/15/21 12:16,,10.1017/qua.2019.55,,,,,,,4,4,1,3,1,"… 17°47 ′ 0.00 ′′ S, 57°45 ′ 2.00 ′′ W), core site 10 in the north of the south basin (17 … All diagnostic phytoliths on the C-frac- tion slides were counted. Phytolith identification was carried out with reference to the University of Reading tropical phy- tolith reference collection …",https://www.cambridge.org/core/services/aop-cambridge-core/content/view/01CCBDAB4702D0EE235077E1EBB2529D/S0033589419000553a.pdf/longterm_impacts_of_midholocene_drier_climatic_conditions_on_bolivian_tropical_dry_forests.pdf,https://scholar.google.com/scholar?q=related:GNeoa8VUh6YJ:scholar.google.com/&scioq=phytoliths+south+america&hl=en&as_sdt=2007&as_ylo=2016&as_yhi=2020
8,"MF Honaine, NL Borrelli, M Osterrieth…","Leaf and culm silicification of Pampas grass (Cortaderia selloana) developed on different soils from Pampean region, Argentina",2016,Australian Journal of …,CSIRO Publishing,https://www.publish.csiro.au/bt/bt16154,https://scholar.google.com/scholar?cites=1851550061647982273&as_sdt=2005&sciodt=2007&hl=en,113,9/15/21 12:16,,10.1071/BT16154,,,,,,,8,"1,6",2,4,5,"… & Graebn. (Pampas grass), a native and widely spread species from South America, which is also considered an invasive plant in many regions of the world. We analysed the relation between silicification process, soil type and environment, and anatomical features …",,https://scholar.google.com/scholar?q=related:wW5hnPgGshkJ:scholar.google.com/&scioq=phytoliths+south+america&hl=en&as_sdt=2007&as_ylo=2016&as_yhi=2020
15,"HHG Coe, YBM Ramos, CP dos Santos…","Dynamics of production and accumulation of phytolith assemblages in the Restinga of Maricá, Rio De Janeiro, Brazil",2017,Quaternary …,Elsevier,https://www.sciencedirect.com/science/article/pii/S104061821501054X,https://scholar.google.com/scholar?cites=3959984023390293515&as_sdt=2005&sciodt=2007&hl=en,115,9/15/21 12:16,,10.1016/j.quaint.2015.10.071,,,,,,,15,"3,75",4,4,4,"… Phytoliths were chosen as proxies, but their use for reconstruction of this type of vegetation is pioneer research, so it was essential to characterize the phytolith assemblages for each plant community through the identification of the main morphotypes and whether or not they are …",https://www.researchgate.net/profile/Heloisa-Coe/publication/282451405_Opal_phytolith_and_isotopic_studies_of_Restinga_communities_of_Marica_Brazil_as_a_modern_reference_for_paleobiogeoclimatic_reconstruction/links/5718043108aed43f63220a10/Opal-phytolith-and-isotopic-studies-of-Restinga-communities-of-Marica-Brazil-as-a-modern-reference-for-paleobiogeoclimatic-reconstruction.pdf,https://scholar.google.com/scholar?q=related:C45mBn2w9DYJ:scholar.google.com/&scioq=phytoliths+south+america&hl=en&as_sdt=2007&as_ylo=2016&as_yhi=2020
2,"NI Patterer, DM Kröhling, AF Zucol","Phytolith analysis in Quaternary fluvial deposits (El Palmar Formation-Late Pleistocene) of the Uruguay River valley, Entre Ríos province, Argentina",2020,Journal of South American Earth …,Elsevier,https://www.sciencedirect.com/science/article/pii/S0895981120300559,https://scholar.google.com/scholar?cites=15455986766259896390&as_sdt=2005&sciodt=2007&hl=en,117,9/15/21 12:16,,10.1016/j.jsames.2020.102542,,,,,,,2,2,1,3,1,The phytolith assemblages of the El Palmar Formation (Late Pleistocene) are presented together with general stratigraphic and sedimentological data. The El Palmar Formation represents a channel system of the Uruguay river (South America) with longitudinal sandy …,https://www.academia.edu/download/62442891/Patterer_et_al_2020_JSAES20200322-74809-18kemil.pdf,https://scholar.google.com/scholar?q=related:RkAPGBOyftYJ:scholar.google.com/&scioq=phytoliths+south+america&hl=en&as_sdt=2007&as_ylo=2016&as_yhi=2020
85,"J Watling, MP Shock, GZ Mongeló, FO Almeida, T Kater…",Direct archaeological evidence for Southwestern Amazonia as an early plant domestication and food production centre,2018,Plos one,journals.plos.org,https://journals.plos.org/plosone/article?id=10.1371/journal.pone.0199868,https://scholar.google.com/scholar?cites=8990722552541923150&as_sdt=2005&sciodt=2007&hl=en,146,9/15/21 12:16,HTML,10.1371/journal.pone.0199868,,,,,,,85,"28,33",14,6,3,… an open-air site located on a 40 m-high bluff on the south bank of … Lithic artefacts retrieved from Unit 5 were tested for phytoliths and starch grains with the assumption that … those displaying evidence of retouch or with prominent sharp edges were chosen for phytolith and starch …,https://journals.plos.org/plosone/article?id=10.1371/journal.pone.0199868,https://scholar.google.com/scholar?q=related:Tsda0oZ2xXwJ:scholar.google.com/&scioq=phytoliths+south+america&hl=en&as_sdt=2007&as_ylo=2016&as_yhi=2020
1,"RS Ramos, SA Contreras, R Vezzosi, DC Leon…","Charred wood and plant microremains associated to Neosclerocalyptus sp.(Cingulata, Chlamyphoriidae, Glyptodontinae) from the Upper Pleistocene of Western …",2020,Quaternary …,Elsevier,https://www.sciencedirect.com/science/article/pii/S1040618220303475,https://scholar.google.com/scholar?cites=17006152837530506076&as_sdt=2005&sciodt=2007&hl=en,154,9/15/21 12:16,,10.1016/j.quaint.2020.06.036,,,,,,,1,1,0,5,1,… Abstract. The Chaco Region is the third biogeographic and morpho-structural territory of South America after the Amazon and Cerrado savannahs. This region is one of … Rhamnaceae and Malvaceae were identified. The phytolith anal.,https://www.researchgate.net/profile/Raul-Vezzosi/publication/344268650_Ramos_et_al_2020_-_Charred_wood_and_microremains_with_glytodontid_Neosclerocalyptus_-_Santiago_del_Estero/links/5f620ff0a6fdcc116415ff6b/Ramos-et-al-2020-Charred-wood-and-microremains-with-glytodontid-Neosclerocalyptus-Santiago-del-Estero.pdf,https://scholar.google.com/scholar?q=related:XNMBPef9AewJ:scholar.google.com/&scioq=phytoliths+south+america&hl=en&as_sdt=2007&as_ylo=2016&as_yhi=2020
3,"DW da Silva, M Camargo Filho, M Parolin, LG Bertotti",… de fitólitos encontrados em sedimento turfoso na região de Guarapuava-Paraná Paleoenvironmental analysis from the main phytoliths morphotypes found in …,2016,Ambiência,researchgate.net,https://www.researchgate.net/profile/Mauricio-Camargo-Filho/publication/301305949_Paleoenvironmental_analysis_from_the_main_phytoliths_morphotypes_found_in_peat_sediment_in_Guarapuava_region-Parana/links/578e7ed708ae35e97c3f727d/Paleoenvironmental-analysis-from-the-main-phytoliths-morphotypes-found-in-peat-sediment-in-Guarapuava-region-Parana.pdf,https://scholar.google.com/scholar?cites=604771697909786236&as_sdt=2005&sciodt=2007&hl=en,165,9/15/21 12:16,PDF,10.5935/ambiencia.2016.01.01,,,,,,,3,"0,6",1,4,5,… de Guarapuava-Paraná Paleoenvironmental analysis from the main phytoliths morphotypes found in peat sediment in Guarapuava region-Paraná … In phase II there was initially a significant increase in phytoliths along the deposit …,https://www.researchgate.net/profile/Mauricio-Camargo-Filho/publication/301305949_Paleoenvironmental_analysis_from_the_main_phytoliths_morphotypes_found_in_peat_sediment_in_Guarapuava_region-Parana/links/578e7ed708ae35e97c3f727d/Paleoenvironmental-analysis-from-the-main-phytoliths-morphotypes-found-in-peat-sediment-in-Guarapuava-region-Parana.pdf,https://scholar.google.com/scholar?q=related:fGYfsKeUZAgJ:scholar.google.com/&scioq=phytoliths+south+america&hl=en&as_sdt=2007&as_ylo=2016&as_yhi=2020
2,"G Heider, L López","The South American agricultural frontier: the first direct evidence for maize consumption in San Luis, Argentina",2018,antiquity,cambridge.org,https://www.cambridge.org/core/journals/antiquity/article/south-american-agricultural-frontier-the-first-direct-evidence-for-maize-consumption-in-san-luis-argentina/2FEA78F0ADC841528164B4C96B865FE4,https://scholar.google.com/scholar?cites=5722424113743535300&as_sdt=2005&sciodt=2007&hl=en,166,9/15/21 12:16,,10.15184/aqy.2018.193,,,,,,,2,"0,67",1,2,3,… Maize phytoliths and starch grains identified on grinding tools from El Durazno and La Alborada provide the … 4); H) silica phytolith of modern Zea mays cob … San Luis province offers a new contribution to discussions concerning the southern agricultural frontier of South America …,,https://scholar.google.com/scholar?q=related:xBzQqWkiak8J:scholar.google.com/&scioq=phytoliths+south+america&hl=en&as_sdt=2007&as_ylo=2016&as_yhi=2020
17,"U Lombardo, J Ruiz-Pérez, L Rodrigues…",Holocene land cover change in south-western Amazonia inferred from paleoflood archives,2019,Global and planetary …,Elsevier,https://www.sciencedirect.com/science/article/pii/S0921818118303072,https://scholar.google.com/scholar?cites=942541720150323493&as_sdt=2005&sciodt=2007&hl=en,176,9/15/21 12:16,,10.1016/j.gloplacha.2019.01.008,,,,,,,17,"8,5",4,4,2,"… Paleosol. Rivers. Phytoliths. Diatoms. Sponge spicule. Stable carbon isotopes. Bolivia. Llanos de Moxos. Seasonally flooded savannah. 1. Introduction. Tropical savannahs are the second largest biome in South America, after the Amazonian rainforest (Cardoso Da Silva and Bates …",https://boris.unibe.ch/126256/1/AS7175651899678731548092281287_content_1.pdf,https://scholar.google.com/scholar?q=related:JbGLX7OUFA0J:scholar.google.com/&scioq=phytoliths+south+america&hl=en&as_sdt=2007&as_ylo=2016&as_yhi=2020
9,FJ Astudillo,"Environmental and historical archaeology of the Galápagos islands: archaeobotany of Hacienda El Progreso, 1870–1920",2018,Vegetation History and Archaeobotany,Springer,https://link.springer.com/article/10.1007/s00334-018-0668-9,https://scholar.google.com/scholar?cites=9716856491273475842&as_sdt=2005&sciodt=2007&hl=en,177,9/15/21 12:16,,10.1007/s00334-018-0668-9,,,,,,,9,3,9,1,3,"… since the 1860s and to understand the effects of these interactions in Isla San Cristóbal through the combined analyses of wood charcoal, charred seeds, phytoliths and historical … The Galápagos are a group of islands located south of the equator in the eastern Pacific Ocean …",,https://scholar.google.com/scholar?q=related:AtfNJ3812YYJ:scholar.google.com/&scioq=phytoliths+south+america&hl=en&as_sdt=2007&as_ylo=2016&as_yhi=2020
4,"C Frayssinet, LM Osterrieth, LN Borrelli…","Effect of silicate fertilizers on wheat and soil properties in Southeastern Buenos Aires province, Argentina. A preliminary study",2019,Soil and Tillage …,Elsevier,https://www.sciencedirect.com/science/article/pii/S0167198719305434,https://scholar.google.com/scholar?cites=2715273117691892479&as_sdt=2005&sciodt=2007&hl=en,187,9/15/21 12:16,,10.1016/j.still.2019.104412,,,,,,,4,2,1,4,2,,https://www.academia.edu/download/60773694/1-s2.0-S0167198719305434-main20191002-77769-1gs51ac.pdf,https://scholar.google.com/scholar?q=related:_1IxsIOWriUJ:scholar.google.com/&scioq=phytoliths+south+america&hl=en&as_sdt=2007&as_ylo=2016&as_yhi=2020
0,"M Fernández Honaine, M Rito…","Silicophytolith analyses in species of Cannabaceae, Moraceae and Urticaceae from SE Buenos Aires province and a comparative study of their cystoliths.",2018,Boletín de la Sociedad …,cabdirect.org,https://www.cabdirect.org/cabdirect/abstract/20183348917,,193,9/15/21 12:16,,no DOI,,,,,,,0,0,0,3,3,"Numerous families produce silicophytoliths in their tissues, which constitute a relevant taxonomic and palaeobotanical tool. Cystoliths are one of the morphologies produced by dicotyledons, and they are defined as deposits of amorphous calcium carbonate with a silica stalk. This …",,
6,"SN Huisman, MB Bush, CNH McMichael",Four centuries of vegetation change in the mid-elevation Andean forests of Ecuador,2019,Vegetation History and …,Springer,https://link.springer.com/article/10.1007/s00334-019-00715-8,https://scholar.google.com/scholar?cites=954944547044549811&as_sdt=2005&sciodt=2007&hl=en,194,9/15/21 12:16,HTML,10.1007/s00334-019-00715-8,,,,,,,6,3,2,3,2,"… a trail meets the lake, and the two water inlets on the south-east and … A total of 250 phytoliths and the encountered number of microspheres were counted per slide. Phytolith identification and nomenclature is based on previously published literature (Piperno 2006; Morcote-Ríos …",https://link.springer.com/article/10.1007/s00334-019-00715-8,https://scholar.google.com/scholar?q=related:s2TJigGlQA0J:scholar.google.com/&scioq=phytoliths+south+america&hl=en&as_sdt=2007&as_ylo=2016&as_yhi=2020
20,"LF de Paula Barros, HHG Coe, AP Seixas…",Paleobiogeoclimatic scenarios of the Late Quaternary inferred from fluvial deposits of the Quadrilátero Ferrífero (Southeastern Brazil),2016,… of South American Earth …,Elsevier,https://www.sciencedirect.com/science/article/pii/S0895981116300165,https://scholar.google.com/scholar?cites=15483576145677656650&as_sdt=2005&sciodt=2007&hl=en,205,9/15/21 12:16,,10.1016/j.jsames.2016.02.004,,,,,,,20,4,5,4,5,"… Elsevier. Journal of South American Earth Sciences. Volume 67, April 2016, Pages 71-88. Journal of South American Earth Sciences. Paleobiogeoclimatic scenarios of the Late Quaternary inferred from fluvial deposits of the Quadrilátero Ferrífero (Southeastern Brazil) …",,https://scholar.google.com/scholar?q=related:SiLUD3i24NYJ:scholar.google.com/&scioq=phytoliths+south+america&hl=en&as_sdt=2007&as_ylo=2016&as_yhi=2020
