Timestamp,Data-collectors-name,Journal-name,Full-Reference-APA,Year (first published online),Period/Date (archaeology and palaeoecology or modern for other studies),Type-of-study,Geographic-location (use https://www.geonames.org/ for country name),oa_status,Journal-type,What-article-repository,Is it available in sign up repository?,Processing-method-communication,Counting-method-is-replicable,Instruments-used-described,Nomenclature-used,Have they used it fully?,Data-location,What-data-repository,Data-type ,Data-format,Data-availability-statement,Data-license,Pictures or photos included for identifications,Statistical-software-used,Other-comments
10/07/2021 15:17,Emma Karoune,Vegetation History and Archaeobotany,"Alonso-Eguíluz, M., Fernández-Eraso, J., & Albert, R. M. (2017). The first herders in the upper Ebro basin at Los Husos II (Álava, Spain): microarchaeology applied to fumier deposits. Vegetation history and archaeobotany, 26(1), 143-157.",2016,Neolithic,Archaeological,Spain,closed,Hybrid,None-not-oa,Not available,One reference to specific protocol,No,No,ICPN 1.0,No,Data in text of article,None,Unclear what is presented,Table in the text of the article,None,Data not in repository,Only significant ones,R,SPSS and R
10/15/2021 10:47:28,Emma Karoune,Archaeological and Anthropological Science,"Andriopoulou, N. C., & Christidis, G. E. (2020). Multi-analytical characterisation of wheat biominerals: impact of methods of extraction on the mineralogy and chemistry of phytoliths. Archaeological and Anthropological Sciences, 12(8), 1-21.",2020,Modern,Methodological - extraction method,Greece,closed,Hybrid,None-not-oa,,Full protocol in text/supplementary files,Not applicable,Yes,None specified/not clear,Not used,Data in text of article,None,Relative presence/percentages,Table in the text of the article,Data on request,Data not in repository,Only significant ones,None,"This is also about chemical/minerology composition of the phytoliths so could be under taphonomy too? Parr et al. 2001 for dry ashing method also uses Rovner 1971, 1972 - as is looking at multiple extractions methods for plant materials - the methods used would be clearer if they had attached full protocols as supp files or in a repository - how many plants? 1 for each species? Counting method is not clear as it is mostly about the mineral composition but there is mention finding the quantity of phytoliths so counting must have been done? "
10/15/2021 11:01:47,Emma Karoune,Geosciences,"Aseyeva, E., Makeev, A., Kurbanova, F., Kust, P., Rusakov, A., Khokhlova, O., ... & Golyeva, A. (2019). Paleolandscape reconstruction based on the study of a buried soil of the bronze age in the broadleaf forest area of the Russian Plain. Geosciences, 9(3), 111.",2019,Bronze Age,Palaeoecology,Russia,gold,Open,None-gold ,,One reference to generic ref or multiple references,No,Yes,None specified/not clear,Not used,Data in text of article,None,Summary data - plant groupings,Table in the text of the article,None,Data not in repository,None,None,change use of icpn fully to not used
10/18/2021 13:24:39,Juanjo García-Granero,Environmental Archaeology,"Banerjea, R. Y., Badura, M., Brown, A., Morandi, L. F., Marcinkowski, M., Valk, H., ... & Pluskowski, A. (2020). Feeding the Crusades: archaeobotany, animal husbandry and livestock alimentation on the Baltic frontier. Environmental Archaeology, 25(2), 135-150.",2019,AD 13th century,Archaeological,Baltic region,green,Hybrid,University or Institution repository,,One reference to specific protocol,No,Yes,None specified/not clear,Not used,No data (includes graphs),None,No data provided in a table - only graph,No data table,None,Data not in repository,None,None,
10/18/2021 13:44:18,Juanjo García-Granero,International Journal of Conservation Science,"Bejenaru, L., Danu, M., & Stanc, S. (2016). OVERALL EVALUATION OF BIOLOGICAL REMAINS DISCOVERED IN THE CHALCOLITHIC SITE (CUCUTENI CULTURE, VTH-IVTH MILLENNIA CAL BC) OF COSTE?TI (IA?I COUNTY, ROMANIA). International Journal of Conservation Science, 7(1).",2016,Chalcolithic,Archaeological,Romania,diamond,Open,None-diamond,,Summary of method,No,No,None specified/not clear,Not used,No data (includes graphs),None,No data provided,No data table,None,Data not in repository,Only significant ones,None,
10/20/2021 14:41:02,Juanjo García-Granero,Interdisciplinaria Archaeologica,"Beneša, J., Naumovc, G., Majerovi?ováa, T., Budilováa, K., Bumerla, J., Komárkováa, V., ... & Ju?i?kovád, L. (2018). An archaeobotanical onsite approach to the Neolithic settlements in southern regions of the Balkans: The case of Vrbjanska ?uka, a tell site in Pelagonia, Republic of Macedonia. Interdisciplinaria Archaeologica, 9, 121-145.",2018,Neolithic,Archaeological,Republic of Macedonia,gold,Open,None-gold ,,Summary of method,No,Yes,ICPN 1.0,No,Data in text of article,None,Presence/absence,Table in the text of the article,None,Data not in repository,Only significant ones,None,
10/20/2021 15:01:23,Juanjo García-Granero,PLOS One,"Böhme, M., Spassov, N., Ebner, M., Geraads, D., Hristova, L., Kirscher, U., ... & Winklhofer, M. (2017). Messinian age and savannah environment of the possible hominin Graecopithecus from Europe. PloS one, 12(5), e0177347.",2017,Messinian,Palaeoecology,Greece,gold,Open,None-gold ,,No method reported,No,No,ICPN 1.0,Yes,Data in supplementary file,None,Relative presence/percentages,.xslx,All data included,Data not in repository,Only significant ones,None,
10/29/2021 10:44:49,Juanjo García-Granero,Environmental Archaeology,"Borderie, Q., Ball, T., Banerjea, R., Bizri, M., Lejault, C., Save, S., & Vaughan-Williams, A. (2020). Early Middle Ages houses of Gien (France) from the inside: geoarchaeology and archaeobotany of 9th–11th c. floors. Environmental Archaeology, 25(2), 151-169.",2018,AD 9th-11th c.,Archaeological,France,closed,Hybrid,None-not-oa,,One reference to specific protocol,Yes,Yes,None specified/not clear,Not used,Data in text of article,None,Relative presence/percentages,No data table,None,Data not in repository,Only significant ones,Not specified,
10/29/2021 11:14:02,Juanjo García-Granero,Archaeological and Anthropological Science,"Burguet-Coca, A., Polo-Díaz, A., Martínez-Moreno, J., Benito-Calvo, A., Allué, E., Mora, R., & Cabanes, D. (2020). Pen management and livestock activities based on phytoliths, dung spherulites, and minerals from Cova Gran de Santa Linya (Southeastern pre-Pyrenees). Archaeological and Anthropological Sciences, 12(7), 1-16.",2020,Late Neolithic and Early Bronze Age,Archaeological,Spain,closed,Hybrid,None-not-oa,,One reference to specific protocol,Yes,Yes,ICPN 2.0,Yes,Data in text of article,None,Summary data - plant groupings,Table in the text of the article,None,Data not in repository,Only significant ones,None,
10/31/2021 14:51:29,Emma Karoune,Quaternary,"Cunha, P. P., Martins, A. A., Buylaert, J. P., Murray, A. S., Gouveia, M. P., Font, E., ... & Mota, R. (2019). The lowermost Tejo River terrace at Foz do Enxarrique, Portugal: A palaeoenvironmental archive from c. 60–35 ka and its implications for the last Neanderthals in westernmost Iberia. Quaternary, 2(1), 3.",2019,Late Pleistocene,Palaeoecology,Portugal,gold,Open,None-gold ,Both Researchgate and Academia,Summary of method,No,Yes,ICPN 1.0,No,Data in text of article,None,No data provided,No data table,None,Data not in repository,Only significant ones,None,supp file only contains data for sediment analysis
10/31/2021 15:18:21,Emma Karoune,Journal of Arid Environments,"Dal Corso, M., Out, W. A., Ohlrau, R., Hofmann, R., Dreibrodt, S., Videiko, M., ... & Kirleis, W. (2018). Where are the cereals? Contribution of phytolith analysis to the study of subsistence economy at the Trypillia site Maidanetske (ca. 3900-3650 BCE), central Ukraine. Journal of Arid Environments, 157, 137-148.",2018, 3900–3650 BCE,Archaeological,Ukraine,closed,Hybrid,None-not-oa,Both Researchgate and Academia,One reference to specific protocol,No,Yes,ICPN 1.0,No,Data in supplementary file,None,Raw counts,.doc,None,Data not in repository,None,PAST,Own names not following the shape as first descriptor in ICPN 1.0. Table to explain identifications made linked to id references but no pictures.
10/31/2021 15:37:17,Emma Karoune,Vegetation History and Archaeobotany,"Dal Corso, M., Nicosia, C., Balista, C., Cupitò, M., Dalla Longa, E., Leonardi, G., & Kirleis, W. (2017). Bronze Age crop processing evidence in the phytolith assemblages from the ditch and fen around Fondo Paviani, northern Italy. Vegetation history and archaeobotany, 26(1), 5-24.",2016,Bronze Age,Archaeological,Italy,closed,Hybrid,None-not-oa,Both Researchgate and Academia,One reference to generic ref or multiple references,Yes,Yes,ICPN 1.0,No,Data in supplementary file,None,Raw counts,.doc,None,Data not in repository,Only significant ones,None,
10/31/2021 15:56:18,Emma Karoune,Quaternary International,"Danu, M., Messager, E., Carozza, J. M., Carozza, L., Bouby, L., Philibert, S., ... & Micu, C. (2019). Phytolith evidence of cereal processing in the Danube Delta during the Chalcolithic period. Quaternary International, 504, 128-138.",2018,Chalcolithic,Archaeological,Romania,green,Hybrid,University or Institution repository,,Summary of method,No,Yes,ICPN 1.0,No,No data (includes graphs),None,No data provided in a table - only graph,No data table,None,Data not in repository,All,None,
11/02/2021 11:45,Emma Karoune,Archaeological and Anthropological Science,"Danu, M., Delhon, C., & Weller, O. (2020). Could the grasses have played a role in the earliest salt exploitation? Phytoliths analysis of prehistoric salt spring from H?l?butoaia-?olici (Romania). Archaeological and Anthropological Sciences, 12(11), 1-14.",2020,Early Neolithic to Chalcolithic,Archaeological,Romania,hybrid,Hybrid,None-gold ,,Summary of method,No,Yes,ICPN 2.0,No,Data in text of article,None,Raw counts,Table in the text of the article,None,Data not in repository,Only significant ones,None,"ICPN not used fully due to use of cyperaceae-type, supp file is a strat diagram of archaeological contexts sampled."
11/02/2021 12:06,Emma Karoune,Journal of Archaeological Science Reports,"Daura, J., Sanz, M., Oms, F. X., Pedro, M., Martínez, P., Mendiela, S., ... & Fullola, J. M. (2019). Deciphering Neolithic activities from a Cardial burial site (Cova Bonica) on the western Mediterranean coast. Journal of Archaeological Science: Reports, 23, 324-347.",2018,Neolithic,Archaeological,Spain,closed,Hybrid,None-not-oa,,One reference to specific protocol,No,Yes,ICPN 1.0,No,Data in text of article,None,Summary data - plant groupings,Table in the text of the article,None,Data not in repository,None,None,"Counting method not mentioned, ICPN said to be used wherever possible. Data table in text just provides phytoliths per gram of sediment per sample, no of morphologically identified phytoliths and % of weathered phytoliths."
11/02/2021 12:28,Emma Karoune,Vegetation History and Archaeobotany,"Delhon, C., Binder, D., Verdin, P., & Mazuy, A. (2020). Phytoliths as a seasonality indicator? The example of the Neolithic site of Pendimoun, south-eastern France. Vegetation History and Archaeobotany, 29(2), 229-240.",2019,Neolithic,Archaeological,France,green,Hybrid,None-gold ,,Summary of method,No,Yes,ICPN 2.0,Yes,Data in text of article,None,Raw counts,Table in the text of the article,None,Data not in repository,Only significant ones,None,"Extraction method - at the CEPAM-CNRS Laboratory, following the
laboratory’s routine protocol for phytolith extraction ? no reference just summary of method"
11/02/2021 12:48,Emma Karoune,Science of the Total Environment,"Delplace, G., Schreck, E., Pokrovsky, O. S., Zouiten, C., Blondet, I., Darrozes, J., & Viers, J. (2020). Accumulation of heavy metals in phytoliths from reeds growing on mining environments in Southern Europe. Science of the Total Environment, 712, 135595.",2019,Modern,Geochemical,"Spain, France",bronze,Hybrid,None-gold ,,One reference to generic ref or multiple references,Not applicable,Yes,None specified/not clear,Not used,Data in supplementary file,None,Raw counts,.doc,None,Data not in repository,Only significant ones,None,No counting done - need to add not applicable for this category.
11/09/2021 09:44,Juanjo García-Granero,Acta Archaeologica,"Dzhanfezova, T. (2020). ‘Organic Temper’and the Early Neolithic Pottery Production: Interpretational Challenges. Acta Archaeologica, 91(2), 61-87.",2020,Neolithic,Archaeological,Romania and Bulgaria,green,Hybrid,Zenodo,,Summary of method,No,Yes,ICPN 2.0,No,No data (includes graphs),None,No data provided,No data table,None,Data not in repository,Only significant ones,None,"Analysis on thin sections, hard to assess 'Processing-method-communication'"
11/09/2021 10:06,Juanjo García-Granero,Archaeological and Anthropological Science,"Égüez, N., Dal Corso, M., Wieckowska-Lüth, M., Delpino, C., Tarantini, M., & Biagetti, S. (2020). A pilot geo-ethnoarchaeological study of dung deposits from pastoral rock shelters in the Monti Sibillini (central Italy). Archaeological and Anthropological Sciences, 12, 1-19.",2020,Modern,Methodological - ethnographic,Italy,hybrid,Hybrid,None-gold ,,One reference to specific protocol,Yes,Yes,ICPN 1.0,No,Data in supplementary file,None,Raw counts,.xslx,None,Data not in repository,Only significant ones,None,
11/09/2021 10:50,Juanjo García-Granero,Quaternary International,"Field, M. H., Ntinou, M., Tsartsidou, G., van Berge Henegouwen, D., Risberg, J., Tourloukis, V., ... & Harvati, K. (2018). A palaeoenvironmental reconstruction (based on palaeobotanical data and diatoms) of the Middle Pleistocene elephant (Palaeoloxodon antiquus) butchery site at Marathousa, Megalopolis, Greece. Quaternary International, 497, 108-122.",2018,Middle Pleistocene,Palaeoecology,Greece,hybrid,Hybrid,None-gold ,,Summary of method,No,No,ICPN 1.0,No,No data (includes graphs),None,No data provided in a table - only graph,No data table,None,Data not in repository,None,None,
11/09/2021 11:07,Juanjo García-Granero,Quaternary International,"García-Granero, J. J., Urem-Kotsou, D., Bogaard, A., & Kotsos, S. (2018). Cooking plant foods in the northern Aegean: Microbotanical evidence from Neolithic Stavroupoli (Thessaloniki, Greece). Quaternary international, 496, 140-151.",2017,Neolithic,Archaeological,Greece,closed,Hybrid,None-not-oa,,Full protocol in text/supplementary files,Yes,Yes,None specified/not clear,Not used,Data in supplementary file,None,Raw counts,.xslx,None,Data not in repository,Only significant ones,None,
11/09/2021 11:20,Juanjo García-Granero,Journal of Ethnobiology,"García-Granero, J. J., Skoula, M., Sarpaki, A., Cárdenas, M., Madella, M., & Bogaard, A. (2020). A long-term assessment of the use of Phoenix theophrasti Greuter (Cretan date palm): The ethnobotany and archaeobotany of a neglected palm. Journal of Ethnobiology, 40(1), 101-114.",2020,Modern,Methodological - modern reference,Greece,closed,Hybrid,None-not-oa,,Full protocol in text/supplementary files,Yes,Yes,ICPN 1.0,Yes,Data in supplementary file,None,Raw counts,.pdf,None,Data not in repository,All,R,
11/09/2021 11:36,Juanjo García-Granero,Journal of Islamic Archaeology,"García-Rivero, D., Taylor, R., Pérez-Aguilar, L. G., Pérez-Jordà, G., García-Viñas, E., López-Sáez, J. A., ... & Bernáldez-Sánchez, E. (2019). Andalusi populations at La Dehesilla Cave (Sierra de Cádiz, Southern Iberia): an interdisciplinary approach to their rural economic systems. Journal of Islamic Archaeology, 5(2), 119-151.",2018,AD 11th to 12th c.,Archaeological,Spain,closed,Hybrid,None-not-oa,,One reference to specific protocol,No,Yes,None specified/not clear,Not used,No data (includes graphs),None,No data provided in a table - only graph,No data table,None,Data not in repository,None,None,
11/16/2021 9:19:33,Juanjo García-Granero,Quaternary International,"Golyeva, A., & Svirida, N. (2017). Quantitative distribution of phytoliths as reliable diagnostical criteria of ancient arable lands. Quaternary International, 434, 51-57.",2016,Modern,Methodological - taphonomy,Russia,closed,Hybrid,None-not-oa,,Summary of method,No,No,ICPN 1.0,No,No data (includes graphs),None,No data provided,No data table,None,Data not in repository,Only significant ones,None,"The study uses both modern and palaeoecological samples but the aim is more methodological than palaeoecological, so I have labelled it as 'Modern'"
11/16/2021 9:46:36,Juanjo García-Granero,American Journal of Physical Anthropology,"Goude, G., Salazar?García, D. C., Power, R. C., Rivollat, M., Gourichon, L., Deguilloux, M. F., ... & Binder, D. (2020). New insights on Neolithic food and mobility patterns in Mediterranean coastal populations. American Journal of Physical Anthropology, 173(2), 218-235.",2020,Neolithic,Archaeological,France,green,Hybrid,University or Institution repository,,Full protocol in text/supplementary files,Yes,Yes,None specified/not clear,Not used,No data (includes graphs),None,No data provided in a table - only graph,No data table,All data included,Data not in repository,Only significant ones,None,
11/16/2021 11:20:54,Juanjo García-Granero,Quaternary Science Reviews,"Juhola, T., Henry, A. G., Kirkinen, T., Laakkonen, J., & Väliranta, M. (2019). Phytoliths, parasites, fibers, and feathers from dental calculus and sediment from Iron Age Luistari cemetery, Finland. Quaternary Science Reviews, 222, 105888.",2019,Iron Age,Archaeological,Finland,hybrid,Hybrid,None-gold ,,Full protocol in text/supplementary files,No,Yes,None specified/not clear,Not used,No data (includes graphs),None,No data provided,No data table,All data included,Data not in repository,All,None,
11/16/2021 11:48:43,Juanjo García-Granero,Biogeochemistry,"Kaiser, S., Wagner, S., Moschner, C., Funke, C., & Wiche, O. (2020). Accumulation of germanium (Ge) in plant tissues of grasses is not solely driven by its incorporation in phytoliths. Biogeochemistry, 148(1), 49-68.",2020,Modern,Geochemical,Germany,hybrid,Hybrid,None-gold ,,Full protocol in text/supplementary files,Not applicable,Yes,None specified/not clear,Not used,Data in supplementary file,None,Raw counts,.pdf,None,Data not in repository,Only significant ones,SPSS,"Counting method' not applicable because this is a chemical analysis of phytoliths within plants, not a phytolith analysis. "
11/16/2021 12:55:56,Juanjo García-Granero,Journal of Archaeological Science Reports,"Koromila, G., Karkanas, P., Hamilakis, Y., Kyparissi-Apostolika, N., Kotzamani, G., & Harris, K. (2018). The Neolithic tell as a multi-species monument: Human, animal, and plant relationships through a micro-contextual study of animal dung remains at Koutroulou Magoula, central Greece. Journal of Archaeological Science: Reports, 19, 753-768.",2018,Neolithic,Archaeological,Greece,closed,Hybrid,None-not-oa,,One reference to specific protocol,No,No,None specified/not clear,Not used,No data (includes graphs),None,No data provided in a table - only graph,No data table,None,Data not in repository,None,Not specified,
11/16/2021 13:09:58,Juanjo García-Granero,Sprawozdania Archeologiczne,"Kufel-Diakowska, B., Miazga, B., ?ucejko, J., Ribechini, E., & Li, W. (2019). Sickles of the Funnel Beaker culture in the light of use-wear and residue analysis. Sprawozdania Archeologiczne, 71, 219-242.",2019,Neolithic,Archaeological,Poland,green,Open,None-diamond,,Summary of method,No,No,None specified/not clear,Not used,Data in text of article,None,No data provided in a table,No data table,None,Data not in repository,All,None,
11/23/2021 13:05:12,Céline Kerfant,Archaeological and Anthropological Science,"Wroth, K., Cabanes, D., Marston, J. M., Aldeias, V., Sandgathe, D., Turq, A., ... & Dibble, H. L. (2019). Neanderthal plant use and pyrotechnology: phytolith analysis from Roc de Marsal, France. Archaeological and Anthropological Sciences, 11(8), 4325-4346.",2019,Paleolithic,Archaeological,France,closed,Hybrid,None-not-oa,,One reference to specific protocol,Yes,No,ICPN 1.0,Yes,Data in supplementary file,None,Raw counts + processing weights,.xslx,None,Data not in repository,Only significant ones,None,
11/23/2021 16:26:39,Céline Kerfant,Quaternary International,"Wouters, B., Devos, Y., Milek, K., Vrydaghs, L., Bartholomieux, B., Tys, D., ... & van Asch, N. (2017). Medieval markets: A soil micromorphological and archaeobotanical study of the urban stratigraphy of Lier (Belgium). Quaternary International, 460, 48-64.",2017,Medieval,Archaeological,Belgium,green,Hybrid,University or Institution repository,,One reference to generic ref or multiple references,No,Yes,ICPN 1.0,Yes,No data (includes graphs),None,No data provided in a table - only graph,No data table,None,Data not in repository,Only significant ones,None,Processing methods follows Devos et al. (2013b) and Vrydaghs et al. (2016)
11/23/2021 17:59:32,Céline Kerfant,Industrial Crops and Products,"Vigliaturo, R., Kehrli, D., Garra, P., Dieterlen, A., Trouvé, G., Dietze, V., ... & Gieré, R. (2019). Opaline phytoliths in Miscanthus sinensis and its cyclone ash from a biomass-combustion facility. Industrial crops and products, 139, 111539.",2019,Modern,Geochemical,France,bronze,Hybrid,None-gold ,,One reference to generic ref or multiple references,Not applicable,Yes,None specified/not clear,Not used,Data in repository with DOI,Mendeley Data,Relative presence/percentages,Table in the text of the article,Dataset link to repository with DOI,CC-BY,All,None,Extraction methods follow Parr 2001 and Piperno 2006.
11/24/2021 12:50:58,Céline Kerfant,Archaeological and Anthropological Science,"Tsartsidou, G., & Kotsakis, K. (2020). Grinding in a hollow? Phytolith evidence for pounding cereals in bedrock mortars at Paliambela Kolindros, an Early Neolithic site in Macedonia, North Greece. Archaeological and Anthropological Sciences, 12(8), 1-16.",2020,Neolithic,Archaeological,Greece,closed,Hybrid,None-not-oa,,One reference to generic ref or multiple references,No,Yes,ICPN 2.0,No,Data in text of article,None,Summary data - plant groupings,Table in the text of the article,None,Data not in repository,Only significant ones,None,Phytolith procedure follows Battarbee 1986; Tsartsidou et al. 2009
11/24/2021 18:05:35,Céline Kerfant,Quaternary International,"Sümegi, P., Molnár, D., Gulyás, S., Náfrádi, K., Sümegi, B. P., Tör?csik, T., ... & Zhou, L. (2019). High-resolution proxy record of the environmental response to climatic variations during transition MIS3/MIS2 and MIS2 in Central Europe: The loess-paleosol sequence of Katymár brickyard (Hungary). Quaternary International, 504, 40-55.",2018,MIS3/ MIS2 stages,Palaeoecology,Hungary,closed,Hybrid,None-not-oa,,One reference to specific protocol,No,Yes,Other lab specific nomenclature to be added as we go,Not used,No data (includes graphs),None,Unclear what is presented,No data table,None,Data not in repository,None,Psimpoll,"Extraction methods follows (Persaits et al., 2015) and phytoliths were documented following the works of Golyeva (2001)."
11/25/2021 10:06:57,Céline Kerfant,SAGEopen,"Stanc, S., Danu, M., Paraschiv, D., & Bejenaru, L. (2020). Bioarcheological Indicators Related to Human–Environmental Interactions in a Roman–Byzantine Settlement in Southeast Romania: Ibida Fortress. SAGE Open, 10(4), 2158244020969664.",2020,Roman-Byzantine period,Archaeological,Romania,gold,Open,None-gold ,,Summary of method,No,Yes,ICPN 2.0,Yes,Data in text of article,None,Relative presence/percentages,Table in the text of the article,None,CC-BY,None,None,
11/25/2021 10:27:35,Céline Kerfant,Vegetation History and Archaeobotany,"Shishlina, N. I., Bobrov, A. A., Simakova, A. M., Troshina, A. A., Sevastyanov, V. S., & van der Plicht, J. (2018). Plant food subsistence in the human diet of the Bronze Age Caspian and Low Don steppe pastoralists: archaeobotanical, isotope and 14 C data. Vegetation History and Archaeobotany, 27(6), 833-842.",2018,Bronze Age,Archaeological,Russia ,green,Hybrid,University or Institution repository,,One reference to specific protocol,No,Yes,Other lab specific nomenclature to be added as we go,Not used,No data (includes graphs),None,Unclear what is presented,No data table,None,Data not in repository,Only significant ones,None,The extraction procedure follows Rosen 1999 and the phytoliths identification was made using modern comparative reference collections from Moscow State University.
11/25/2021 10:58:32,Céline Kerfant,Bulletin of the Geological Society of Finland,"Rusakov, A., Sorokin, P., Golyeva, A., Savelieva, L., Rusakova, E., & Safronov, S. (2018). Soils of a medieval burial mound as a paleo-environmental archive (Leningrad region, Northwest Russia). Bulletin of the Geological Society of Finland, 90(2).",2018,Late Neolithic,Archaeological,Russia,gold,Open,None-gold ,,One reference to specific protocol,No,Yes,Other lab specific nomenclature to be added as we go,Not used,Data in text of article,None,Relative presence/percentages,Table in the text of the article,None,CC-BY,Only significant ones,None,The procedure follows Golyeva 2001and 2007.
11/25/2021 11:36:03,Céline Kerfant,Biogeosciences,"Puppe, D., Höhn, A., Kaczorek, D., Wanner, M., Wehrhan, M., & Sommer, M. (2017). How big is the influence of biogenic silicon pools on short-term changes in water-soluble silicon in soils? Implications from a study of a 10-year-old soil–plant system. Biogeosciences, 14(22), 5239-5252.",2017,Modern,Geochemical,Germany,gold,Open,None-gold ,,One reference to generic ref or multiple references,Not applicable,Yes,None specified/not clear,Not used,Data in the text of the article,None,Mean or ranges,Table in the text of the article,Data on request,CC-BY,All,SPSS,"This article aims at studying  the different BSi pools influence short-term
changes in the water-soluble Si fraction in soils, so I think it is a geochemical type of study but it can be also be plant physiology (as the phytolith abundance and volume are parts of the study)./ The article is difficult to assess because it is not really about phytolith identification but more about plant and soil interaction. The procedure follows  Biermans and Baert 1977, modified by Kodama and Ross 1991, Kendrick and Graham 2004, Kodama and Ross, 1991; Alexandre et al. 1997, Sauer et al. 2006./ Well-described couting method Puppe et al., 2014, 2015, 2016."
11/25/2021 12:05:52,Céline Kerfant,Vegetation History and Archaeobotany,"Portillo, M., Llergo, Y., Ferrer, A., & Albert, R. M. (2017). Tracing microfossil residues of cereal processing in the archaeobotanical record: an experimental approach. Vegetation history and archaeobotany, 26(1), 59-74.",2016,Modern,Methodological - taphonomy,Spain,green,Hybrid,University or Institution repository,,One reference to specific protocol,Yes,Yes,ICPN 1.0,Yes,Data in text of article,None,Relative presence/percentages,Table in the text of the article,None,Data not in repository,Only significant ones,None,Procedure follows Albert et al. (1999)/ The researchers are using archaeological and experimental data to make their point. Maybe this study type is more methodological-taphonomy than archaeologica.
11/25/2021 14:46:43,Céline Kerfant,Quaternary International,"Ponomarenko, E., Tomson, P., Ershova, E., & Bakumenko, V. (2019). A multi-proxy analysis of sandy soils in historical slash-and-burn sites: A case study from southern Estonia. Quaternary International, 516, 190-206.",2018,19th century,Palaeoecology,Estonia,closed,Hybrid,None-not-oa,,One reference to specific protocol,No,No,None specified/not clear,Not used,No data (includes graphs),None,Unclear what is presented,No data table,Data on request,Data not in repository,None,None,"The procedure method follows Blinnikov, 2013"
12/02/2021 11:30,Céline Kerfant,Vegetation History and Archaeobotany,"Pet?, Á., Kenéz, Á., Lisztes-Szabó, Z., Sramkó, G., Laczkó, L., Molnár, M., & Bóka, G. (2017). The first archaeobotanical evidence of Lagenaria siceraria from the territory of Hungary: histology, phytoliths and (a) DNA. Vegetation history and archaeobotany, 26(1), 125-142.",2016,Middle Age,"Archaeological, Methodological - morphometric",Hungary,closed,Hybrid,None-not-oa,,One reference to specific protocol,Not applicable,Yes,ICPN 1.0,Yes,Data in text of article,None,Mean or ranges,Table in the text of the article,None,Data not in repository,All,BioEstat 5.3,Procedure follows Albert and Weiner 2001./ The article aims to study the phytolith morphometry of a specific species (Lagenaria siceraria) from an histological perspective. There is no counting method.
12/02/2021 11:51,Céline Kerfant,Journal of Archaeological Science Reports,"Parkinson, W. A., Gyucha, A., Karkanas, P., Papadopoulos, N., Tsartsidou, G., Sarris, A., ... & Yerkes, R. W. (2018). A landscape of tells: Geophysics and microstratigraphy at two Neolithic tell sites on the Great Hungarian Plain. Journal of Archaeological Science: Reports, 19, 903-924.",2017,Neolithic,Archaeological,Hungary,closed,Hybrid,None-not-oa,,One reference to specific protocol,No,Yes,ICPN 1.0,No,Data in text of article,None,No data provided in a table - only graph,No data table,None,Data not in repository,None,None,The procedure follows Tsartsidou et al. (2008)./ There is a phytolith counting by gram but it is a diagram chart.
12/02/2021 13:16,Céline Kerfant,Eurasian Soil Science,"Ovchinnikov, A. Y., Vybornov, A. A., Kulkova, M. A., Zanina, O. G., Lopatina, D. A., Doga, N. S., ... & Alifanov, V. M. (2020). Soil and Environmental Conditions at the Oroshaemoe Neolithic–Eneolithic Archeological Site in the Lower Volga Region. Eurasian Soil Science, 53(2), 166-177.",2020,Neolithic-Eneolithic,Palaeoecology,Russia ,closed,Closed,None-not-oa,,One reference to generic ref or multiple references,No,Yes,ICPN 1.0,No,No data (includes graphs),None,No data provided,No data table,None,Data not in repository,Only significant ones,None,"The microbiomorphic method was applied to study the components of biogenic bodies: charcoal particles, shells of diatoms, freshwater sponge spicules, pollen,
spores, phytoliths, plant detritus, fungal hyphae, and the entire microbiomorph complex. The samples were processed according to the methods of Grichuk [15] and Madella [2005]"
12/02/2021 13:35,Céline Kerfant,Journal of Archaeological Science Reports,"Norström, E., Gustavsson, R., Molin, F., & Gummesson, S. (2019). Micro-fossil analysis of Mesolithic human dental calculus, Motala, Sweden-Indications of health status and paleo-diet. Journal of Archaeological Science: Reports, 26, 101866.",2019,Mesolithic,Archaeological,Sweden,closed,Hybrid,None-not-oa,,Summary of method,No,Yes,Other lab specific nomenclature to be added as we go,No,No data (includes graphs),None,Unclear what is presented,No data table,None,Data not in repository,Only significant ones,None,The classification follows Novello et al. 2012
12/09/2021 12:00,Céline Kerfant,New Phytologist,"Meunier, J. D., Barboni, D., Anwar?ul?Haq, M., Levard, C., Chaurand, P., Vidal, V., ... & Keller, C. (2017). Effect of phytoliths for mitigating water stress in durum wheat. New Phytologist, 215(1), 229-239.",2017,Modern,Plant Physiology,France,green,Hybrid,University or Institution repository,,Summary of method,No,Yes,ICPN 1.0,Yes,Data in text of article,None,Mean or ranges,Table in the text of the article,None,Data not in repository,Only significant ones,XLSTAT (Addinsoft),
12/09/2021 13:19,Céline Kerfant,Geobios,"Merceron, G., Novello, A., & Scott, R. S. (2016). Paleoenvironments inferred from phytoliths and dental microwear texture analyses of meso-herbivores. Geobios, 49(1-2), 135-146.",2016,Miocene,Palaeoecology,Greece,closed,Hybrid,None-not-oa,,Summary of method,Not applicable,Yes,ICPN 1.0,Yes,Data in text of article,None,No data provided,No data table,None,Data not in repository,All,None,"The phytolith counting method is connected to the Dental Microwear Texture Analysis (DMTA), I am not sure if I caught it properly.
"
12/09/2021 13:58,Céline Kerfant,Journal of Paleolimnology,"Lisztes-Szabó, Z., Filep, A. F., Csík, A., Pet?, Á., Kertész, T. G., & Braun, M. (2020). pH-dependent silicon release from phytoliths of Norway spruce (Picea abies). Journal of Paleolimnology, 63(1), 65-81.",2019,Modern,Methodological - modern reference,Hungary,hybrid,Hybrid,None-gold ,,One reference to generic ref or multiple references,Not applicable,Yes,None specified/not clear,Not used,Data in text of article,None,Relative presence/percentages,No data table,None,CC-BY,All,PAST,"The extraction  procedure follows Britton and Robinson 1931, Mongay and Cerda 1974, Cabanes and Shahack-Gross 2015, Albert and Weiner 2001, Mercader et al. 2010, Lisztes-Szabo´ et al. 2019"
12/15/2021 11:46:36,Céline Kerfant,Vegetation History and Archaeobotany,"Lisztes-Szabó, Z., Braun, M., Csík, A., & Pet?, Á. (2019). Phytoliths of six woody species important in the Carpathians: characteristic phytoliths in Norway spruce needles. Vegetation History and Archaeobotany, 28(6), 649-662.",2019,Modern,Methodological - modern reference,Hungary,hybrid,Hybrid,None-gold ,,One reference to generic ref or multiple references,Yes,Yes,ICPN 2.0,Yes,Data in text of article,None,Relative presence/percentages,Table in the text of the article,None,CC-BY,All,SPSS,"The dry-ashing procedure follows  Albert and Weiner 2001, Mercader et al. 2010"
12/15/2021 12:10:07,Céline Kerfant,Journal of Archaeological Science Reports,"Lippi, M. M., Pisaneschi, L., Sarti, L., Lari, M., & Moggi-Cecchi, J. (2017). Insights into the Copper-Bronze Age diet in central Italy: Plant microremains in dental calculus from Grotta dello Scoglietto (Southern Tuscany, Italy). Journal of Archaeological Science: Reports, 15, 30-39.",2017,Copper-Bronze Age,Archaeological,Italy,closed,Hybrid,None-not-oa,,One reference to specific protocol,Yes,Yes,ICPN 1.0,Yes,Data in text of article,None,Raw counts,Table in the text of the article,None,Data not in repository,Only significant ones,None,The procedure follows Henry and Piperno 2008
23/01/2022,Emma Karoune,Préhistoires méditerranéennes,"Herrscher, E., André, G., Bodet, C., Chataigner, C., Decaix, A., Goude, G., ... & Vila, E. (2018). The origins of millet cultivation in the Caucasus: archaeological and archaeometric approaches. Préhistoires Méditerranéennes, (6).",2018,Iron Age,Archaeological,Georgia,diamond,Open,None-diamond ,,No method reported,No,No,None specified/not clear,Not used,No data (includes graphs),None,No data provided,No data table,None,Data not in repository,None,None,
10/11/2021 13:21,Javier Ruiz-Pérez,Journal of Archaeological Science Reports,"Aguilar, V. L., Heider, G., Curtoni, R., Borgo, M., Chiesa, J. O., & Ramos, G. (2018). Late Holocene plant use in the Sierras Pampeanas of Argentina: Evidence from phytoliths and starch grains. Journal of Archaeological Science: Reports, 21, 413-421",2018,Late Holocene,Archaeological,Argentina,closed,Hybrid,None-not-oa,,Summary of method,Yes,Yes,None specified/not clear,Not used,Data in supplementary file,None,Raw counts,.xslx,All data included,Data not in repository,Only significant ones,None,
10/11/2021 13:51,Javier Ruiz-Pérez,"Palaeogeography, Palaeoclimatology, Palaeoecology","Astudillo, F. J. (2018). Soil phytoliths as indicators of initial human impact on San Cristóbal Island, Galápagos. Palaeogeography, palaeoclimatology, palaeoecology, 490, 522-532",2017,AD 1860–1920,Archaeological,Ecuador,closed,Hybrid,None-not-oa,,Full protocol in text/supplementary files,No,Yes,ICPN 1.0,No,Data in supplementary file,None,Summary data - plant groupings,.doc,All data included,Data not in repository,Only significant ones,None,
10/11/2021 14:04,Javier Ruiz-Pérez,ACI Avances en Ciencias e Ingenierías,"Astudillo, F. J. (2019). Illustrated catalogue of phytoliths from modern plants of the Galápagos Islands: Economic species of San Cristóbal Island. ACI Avances en Ciencias e Ingenierías, 11(3)",2020,Modern,Methodological - modern reference,Ecuador,gold,Open,None-gold,,Full protocol in text/supplementary files,Not applicable,Yes,ICPN 1.0,No,No data (includes graphs),None,No data provided,No data table,None,Data not in repository,All,None,"Reference collection paper. Counting data is not provided (probably not carried out), just morphotypes names and pictures are given for each species. Silica production (AIF) is provided in a table"
10/16/2021 10:03:08,Céline Kerfant,Vegetation History and Archaeobotany,"Astudillo, F. J. (2018). Environmental and historical archaeology of the Galápagos islands: archaeobotany of Hacienda El Progreso, 1870–1920. Vegetation History and Archaeobotany, 27(5), 737-751.",2018,Modern ,Archaeological,Ecuador,closed,Hybrid,None-not-oa,,Full protocol in text/supplementary files,Yes,Yes,ICPN 1.0,Yes,Data in supplementary file,None,Raw counts + processing weights,.pdf,None,Data not in repository,Only significant ones,C2,Article available on request on Academia
10/16/2021 13:21:34,Céline Kerfant,Quaternary International,"del Pilar Babot, M., Musaubach, M. G., & Plos, A. (2017). An archaeobotanical perspective in the study of inflorescence phytoliths of wild grasses from arid and semi-arid environments of Argentina. Quaternary International, 434, 129-141.",2016,Modern,Methodological - modern reference,Argentina,closed,Hybrid,None-not-oa,,Full protocol in text/supplementary files,Yes,Yes,ICPN 1.0,Yes,Data in supplementary file,None,Relative presence/percentages,Table in the text of the article,None,Data not in repository,All,PAST,Table of percentage and weights (Initial and final weights)
10/17/2021 7:28:51,Céline Kerfant,Journal of South American Earth Sciences,"de Paula Barros, L. F., Coe, H. H. G., Seixas, A. P., Magalhães Jr, A. P., & Macario, K. C. D. (2016). Paleobiogeoclimatic scenarios of the Late Quaternary inferred from fluvial deposits of the Quadrilátero Ferrífero (Southeastern Brazil). Journal of South American Earth Sciences, 67, 71-88.",2016,Late Quaternary,Palaeoecology,Brazil,closed,Hybrid,None-not-oa,,Summary of method,Yes,Yes,ICPN 1.0,Yes,Data in text of article,None,Relative presence/percentages,Table in the text of the article,None,Data not in repository,Only significant ones,None,
10/27/2021 12:13:12,Javier Ruiz-Pérez,Review of Palaeobotany and Palynology,"Zucol, A. F., Patterer, N. I., Moya, E., & Pepi, M. G. F. (2019). Phytolith analysis of the main species of Distichlis sp.(Chloridoideae: Poaceae) distributed in South America. Review of Palaeobotany and Palynology, 269, 42-54",2019,Modern,Methodological - modern reference,Argentina,closed,Hybrid,None-not-oa,,Summary of method,Yes,Yes,None specified/not clear,Not used,Data in supplementary file,None,Relative presence/percentages,.xslx,All data included,Data not in repository,All,PAST,The extraction section contains a summary in the text and a reference to a specific protocol (Laboriau 1983). Nomenclature is based on different publications. Morphometrics are reported in this paper too (it is not only a modern reference paper).
10/27/2021 13:18:31,Javier Ruiz-Pérez,Ameghiniana,"Zucol, A. F., Krause, J. M., Brea, M., Raigemborn, M. S., & Matheos, S. D. (2018). Emergence of grassy habitats during the greenhouse–icehouse systems transition in the Middle Eocene of southern South America. Ameghiniana, 55(4), 451-482",2018,Middle Eocene,Palaeoecology,Argentina,closed,Hybrid,None-not-oa,,Summary of method,Yes,Yes,None specified/not clear,Not used,Data in supplementary file,None,Relative presence/percentages,.xslx,All data included,Data not in repository,All,None,Nomenclature based on a collection of publications. Statistical software not specified.
10/27/2021 14:24:33,Javier Ruiz-Pérez,Quaternary International,"Watling, J., Castro, M. T., Simon, M. F., Rodrigues, F. O., de Medeiros, M. B., De Oliveira, P. E., & Neves, E. G. (2020). Phytoliths from native plants and surface soils from the Upper Madeira river, SW Amazonia, and their potential for paleoecological reconstruction. Quaternary International, 550, 85-110",2020,Modern,Methodological - modern reference,Brazil,closed,Hybrid,None-not-oa,,Summary of method,Yes,Yes,ICPN 2.0,No,Data in text of article,None,Presence/absence,Table in the text of the article,None,Data not in repository,Only significant ones,"C2, PAST","Data as table is only provided for plant material, while soil samples data is only provided as graphs"
10/27/2021 14:39:24,Javier Ruiz-Pérez,PLOS One,"Watling, J., Shock, M. P., Mongeló, G. Z., Almeida, F. O., Kater, T., De Oliveira, P. E., & Neves, E. G. (2018). Direct archaeological evidence for Southwestern Amazonia as an early plant domestication and food production centre. Plos one, 13(7), e0199868",2018,Early and middle Holocene,Archaeological,Brazil,gold,Open,None-gold,,Summary of method,Yes,Yes,None specified/not clear,Not used,Data in text of article,None,Summary data - plant groupings,Table in the text of the article,None,Data not in repository,Only significant ones,None,"Data as table is only provided for residues, while soil samples data is only provided as graphs"
10/29/2021 3:36:54,Céline Kerfant,Quaternary International,"Calegari, M. R., Madella, M., Brustolin, L. T., Pessenda, L. C. R., Buso Jr, A. A., Francisquini, M. I., ... & Vidal-Torrado, P. (2017). Potential of soil phytoliths, organic matter and carbon isotopes for small-scale differentiation of tropical rainforest vegetation: a pilot study from the campos nativos of the Atlantic Forest in Espírito Santo State (Brazil). Quaternary international, 437, 156-164.",2016,Modern,Methodological - isotopes,Brazil,closed,Hybrid,None-not-oa,,One reference to specific protocol,Yes,Yes,ICPN 1.0,No,Data in text of article,None,Summary data - plant groupings,Table in the text of the article,None,Data not in repository,Only significant ones,None,Results are percentages of plant groups
10/29/2021 4:29:33,Céline Kerfant,Quaternary International,"Calegari, M. R., Paisani, S. D. L., Cecchet, F. A., de Lima Ewald, P. L., Osterrieth, M. L., Paisani, J. C., & Pontelli, M. E. (2017). Phytolith signature on the Araucarias Plateau–vegetation change evidence in Late Quaternary (South Brasil). Quaternary International, 434, 117-128.",2017,Late Quaternary,Palaeoecology,Brazil,closed,Hybrid,None-not-oa,,One reference to specific protocol,No,No,ICPN 1.0,No,No data (includes graphs),None,No data provided in a table - only graph,No data table,None,Data not in repository,Only significant ones,None,
11/03/2021 12:57,Céline Kerfant,Lethaia,"Cantil, L. F., Bellosi, E. S., Sánchez, M. V., González, M. G., & Genise, J. F. (2020). The earliest burst of necrophagous dung beetles in South America revealed by the Cenozoic record of Coprinisphaera. Lethaia, 53(3), 421-438.",2020,Miocene,Palaeoecology,Argentina,closed,Hybrid,None-not-oa,,One reference to specific protocol,Yes,Yes,ICPN 1.0,No,Data in text of article,None,Raw counts,Table in the text of the article,None,Data not in repository,Only significant ones,None,
11/03/2021 16:59,Javier Ruiz-Pérez,Flora,"Stevanato, M., Rasbold, G. G., Parolin, M., Luz, L. D., Lo, E., Weber, P., ... & Caxambu, M. G. (2019). New characteristics of the papillae phytolith morphotype recovered from eleven genera of cyperaceae. Flora, 253, 49-55",2019,Modern,Methodological - modern reference,Brazil,closed,Hybrid,None-not-oa,,Summary of method,Yes,Yes,ICPN 1.0,No,Data in text of article,None,Relative presence/percentages,Table in the text of the article,None,Data not in repository,All,None,
11/03/2021 17:14,Javier Ruiz-Pérez,Review of Palaeobotany and Palynology,"De Rito, M., Honaine, M. F., Osterrieth, M., & Morel, E. (2018). Silicophytoliths from a Pampean native tree community (Celtis ehrenbergiana community) and their representation in the soil assemblage. Review of Palaeobotany and Palynology, 257, 19-34",2018,Modern,Methodological - modern reference,Argentina,closed,Hybrid,None-not-oa,,Summary of method,Yes,Yes,None specified/not clear,Not used,Data in text of article,None,Relative presence/percentages,Table in the text of the article,None,Data not in repository,Only significant ones,None,Statistical analyses carried out but software is not specified.
11/03/2021 17:41,Javier Ruiz-Pérez,Flora,"Ricardo, S. D. F., Coe, H. H. G., Dias, R. R., de Sousa, L. D. O. F., & Gomes, E. (2018). Reference collection of plant phytoliths from the Caatinga biome, Northeast Brazil. Flora, 249, 1-8",2018,Modern,Methodological - modern reference,Brazil,closed,Hybrid,None-not-oa,,Summary of method,Yes,Yes,ICPN 1.0,Yes,No data (includes graphs),None,No data provided in a table - only graph,No data table,None,Data not in repository,All,Fitopac2,
11/03/2021 17:57,Javier Ruiz-Pérez,Journal of South American Earth Sciences,"Rasbold, G. G., Stevaux, J. C., Parolin, M., Leli, I. T., Luz, L. D., & Brito, H. D. (2020). Phytoliths indicate environmental changes correlated with facies analysis in a paleo island-lake, Upper Paraná River, Brazil. Journal of South American Earth Sciences, 99, 102513",2020,Pleistocene-Holocene,Palaeoecology,Brazil,closed,Hybrid,None-not-oa,,Summary of method,Yes,Yes,ICPN 1.0,Yes,Data in supplementary file,None,Raw counts,.doc,None,Data not in repository,All,None,
11/08/2021 05:08,Céline Kerfant,Journal of South American Earth Sciences,"Chueng, K. F., Coe, H. H. G., Augustin, C. H. R. R., Macario, K. D., Ricardo, S. D. F., & Vasconcelos, A. M. C. (2019). Landscape paleodynamics in siliciclastic domains with the use of phytoliths, sponge spicules and carbon isotopes: The case of southern Espinhaço Mountain Range, Minas Gerais, Brazil. Journal of South American Earth Sciences, 95, 102232.",2019,Holocene,Palaeoecology,Brazil,closed,Hybrid,None-not-oa,,Summary of method,Yes,Yes,ICPN 1.0,Yes,Data in text of article,None,Relative presence/percentages,Table in the text of the article,Data on request,Data not in repository,All,Fitopac2 version 2.1,"Paleoclimatology, geomorphology "
11/08/2021 05:44,Céline Kerfant,Quaternary International,"Coe, H. H. G., Ramos, Y. B. M., dos Santos, C. P., da Silva, A. L. C., Silvestre, C. P., Borrelli, N., & de Sousa, L. D. O. F. (2017). Dynamics of production and accumulation of phytolith assemblages in the Restinga of Maricá, Rio De Janeiro, Brazil. Quaternary International, 434, 58-69.",2017,Quaternary,Methodological - modern reference,Brazil,closed,Hybrid,None-not-oa,,One reference to generic ref or multiple references,No,Yes,ICPN 1.0,Yes,Data in text of article,None,Relative presence/percentages,Table in the text of the article,None,Data not in repository,Only significant ones,None,Available online 14 November 2015. ICPN 1 is used with other nomenclatures
11/08/2021 06:03,Céline Kerfant,Flora,"Coe, H. H. G., Souza, R. C. C. L., Duarte, M. R., Ricardo, S. D. F., Machado, D. O. B. F., Macario, K. C. D., & Silva, E. P. (2017). Characterisation of phytoliths from the stratigraphic layers of the Sambaqui da Tarioba (Rio das Ostras, RJ, Brazil). Flora, 236, 1-8.",2017,Holocene,"Archaeological, Palaeoecology",Brazil,closed,Hybrid,None-not-oa,,Summary of method,No,No,ICPN 1.0,Yes,Data in text of article,None,Relative presence/percentages,Table in the text of the article,None,Data not in repository,All,PAST,
11/08/2021 07:28,Céline Kerfant,Journal of South American Earth Sciences,"Contreras, S., Zucol, A. F., Méndez, C., & Zurita, A. (2019). Phytolith analysis in Pliocene-Pleistocene fluvial sediments from northeastern Argentina. Journal of South American Earth Sciences, 90, 296-313.",2019,Pliocene-Pleistocene,Palaeoecology,Argentina,closed,Hybrid,None-not-oa,,One reference to specific protocol,Yes,Yes,Other lab specific nomenclature to be added as we go,Not used,Data in supplementary file,None,Raw counts,.xslx,None,Data not in repository,All,"Manhattan distances and Infostat version 2016
","Protocol  of Zucol and Osterrieth 2002/Phytolith assemblages were described following an ad-hoc morphotype classification/For phytolith abundances, numerical analysis and graphical diagrams, POLPAL program were used."
11/08/2021 08:53,Céline Kerfant,Quaternary International,"Contreras, S. A., & Zucol, A. F. (2019). Late Quaternary vegetation history based on phytolith records in the eastern Chaco (Argentina). Quaternary International, 505, 21-33.",2018,Pleistocene-Holocene,Palaeoecology,Argentina,closed,Hybrid,None-not-oa,,One reference to specific protocol,No,No,Other lab specific nomenclature to be added as we go,Not used,Data in text of article,None,Relative presence/percentages,Table in the text of the article,None,Data not in repository,All,"POLPAL program, Numerical Analysis",Protocol of Zucol and Osterrieth 2002/Phytolith assemblages were described following an ad-hoc morphotype classification
11/09/2021 04:00,Céline Kerfant,Revista Ambiência,"da Silva, D. W., Camargo Filho, M., Parolin, M., & Bertotti, L. G. (2016). Paleoenvironmental analysis from the main phytoliths morphotypes found in peat sediment in Guarapuava region-Paraná. Ambiência, 12(1), 13-32.",2016,Pleistocene,Palaeoecology,Brazil,gold,Open,None-gold,,One reference to generic ref or multiple references,No,Yes,Other lab specific nomenclature to be added as we go,Not used,No data (includes graphs),None,No data provided in a table - only graph,No data table,None,Data not in repository,Only significant ones,None,"Article in Portuguese/ Methodology used Faegri e Iversen (1975),  Parolin et al. (2006); Leonhardt e Lorscheitter (2007; 2008); Macedo et al. (2007); Bauermann et al. (2008),  Laboratório de Estudos Paleoambientais da Fecilcam – LEPAFE."
11/09/2021 04:47,Céline Kerfant,Flora,"Dias, R. R., Coe, H. H. G., Lepsch, I. F., Ricardo, S. D. F., da Silva, L. M. V., Alvarenga, A. C., & Rasbold, G. G. (2019). Morphological variation of phytoliths according to leaf senescence and position in the organs of Brachiaria decumbens. Flora, 260, 151478..",2019,Modern,Plant physiology,Brazil,closed,Hybrid,None-not-oa,,One reference to generic ref or multiple references,Yes,Yes,ICPN 1.0,Yes,Data in text of article,None,Relative presence/percentages,Table in the text of the article,None,Data not in repository,All,Bioestat,"This article is about the phytolith production of a specific plant and is not a reference collection, should we add a new type of study choice such as plant morphology?"
11/09/2021 08:35,Céline Kerfant,Cadernos do LEPAARQ,"Dickau, R., Iriarte, J., Quine, T., Soto, D., & Mayle, F. (2016). Reconstructing pre-Colombian agricultural practices in the Bolivian savannah: stratigraphic and phytolith evidence from raised fields at Campo España, western Llanos de Moxos. Cadernos do LEPAARQ (UFPEL), 13(25), 223-267.",2016,Pre-Columbian,Palaeoecology,Bolivia,diamond,Open,None-diamond,,One reference to specific protocol,No,Yes,None specified/not clear,Not used,Data in text of article,None,Raw counts,No data table,None,Data not in repository,Only significant ones,C2,Data ( raw counts) are in the appendices. It is an open access article (DOAJ seal) but I did not find any repository
11/09/2021 18:07,Javier Ruiz-Pérez,"Palaeogeography, Palaeoclimatology, Palaeoecology","Rasbold, G. G., McGlue, M. M., Stevaux, J. C., Parolin, M., Silva, A., & Bergier, I. (2019). Sponge spicule and phytolith evidence for Late Quaternary environmental changes in the tropical Pantanal wetlands of western Brazil. Palaeogeography, Palaeoclimatology, Palaeoecology, 518, 119-133",2019,Late Pleistocene-Holocene,Palaeoecology,Brazil,closed,Hybrid,None-not-oa,,Summary of method,Yes,No,ICPN 1.0,Yes,Data in supplementary file,None,Raw counts,.csv,None,Data not in repository,Only significant ones,"CONISS, Tilia",
11/09/2021 18:17,Javier Ruiz-Pérez,Quaternary International,"Ramos, R. S., Contreras, S. A., Vezzosi, R., Leon, D. C., & Tasso, J. C. (2020). Charred wood and plant microremains associated to Neosclerocalyptus sp.(Cingulata, Chlamyphoriidae, Glyptodontinae) from the Upper Pleistocene of Western Chaco, Argentina. Quaternary International, 554, 60-74",2020,Late Pleistocene,Palaeontology,Argentina,closed,Hybrid,None-not-oa,,Summary of method,Yes,Yes,None specified/not clear,Not used,No data (includes graphs),None,No data provided in a table - only graph,No data table,None,Data not in repository,All,None,"Counting method is not clear to me: ""For counting, the minimum representative sample of assemblages was obtained (500 elements per sample)."""
11/09/2021 18:33,Javier Ruiz-Pérez,Journal of South American Earth Sciences,"Ramírez, A. I. A., Rasbold, G. G., Parolin, M., & Stevaux, J. C. (2019). Phytoliths and seeds in fluvial island paleoenviroment reconstruction (interaction with pollen analysis). Journal of South American Earth Sciences, 89, 30-38",2018,Late Holocene,Palaeoecology,Brazil,closed,Hybrid,None-not-oa,,Summary of method,Yes,Yes,ICPN 1.0,Yes,Data in supplementary file,None,Raw counts,.doc,All data included,Data not in repository,Only significant ones,CONISS,
11/09/2021 18:54,Javier Ruiz-Pérez,Review of Palaeobotany and Palynology,"Plumpton, H. J., Mayle, F. M., & Whitney, B. S. (2020). Paleoecological potential of phytoliths from lake sediment records from the tropical lowlands of Bolivia. Review of Palaeobotany and Palynology, 275, 104113",2019,Modern,Methodological - modern reference,Bolivia,green,Hybrid,University or Institution repository,,One reference to generic ref or multiple references,Yes,Yes,None specified/not clear,Not used,No data (includes graphs),None,No data provided in a table - only graph,No data table,None,Data not in repository,None,R,"This study is a comparison of phytoliths and pollen grains from modern lake samples for palaeoecological studies (hence, classified as ""Methodological - modern reference"")"
11/11/2021 15:22,Javier Ruiz-Pérez,The Holocene,"Plumpton, H., Whitney, B., & Mayle, F. (2019). Ecosystem turnover in palaeoecological records: The sensitivity of pollen and phytolith proxies to detecting vegetation change in southwestern Amazonia. The Holocene, 29(11), 1720-1730",2019,Modern and Late Pleistocene-Holocene,"Methodological - modern reference, Palaeoecology",Bolivia,green,Hybrid,University or Institution repository,,One reference to generic ref or multiple references,No,No,None specified/not clear,Not used,No data (includes graphs),None,No data provided in a table - only graph,No data table,None,Data not in repository,None,R,"This study compares modern phytoliths and pollen grains but also does a palaeoecological reconstruction (classified as ""Methodological - modern reference"" and ""Palaeoecology"")."
11/11/2021 15:37,Javier Ruiz-Pérez,Quaternary Research,"Plumpton, H. J., Mayle, F. E., & Whitney, B. S. (2020). Long-term impacts of mid-Holocene drier climatic conditions on Bolivian tropical dry forests. Quaternary Research, 93, 204-224",2019,Middle Holocene,Palaeoecology,Bolivia,hybrid,Hybrid,Publisher/University or Institution repository,,One reference to generic ref or multiple references,Yes,Yes,None specified/not clear,Not used,No data (includes graphs),None,No data provided in a table - only graph,No data table,None,Data not in repository,None,R,
11/11/2021 15:54,Javier Ruiz-Pérez,Quaternary International,"Piperno, D. R., & McMichael, C. (2020). Phytoliths in modern plants from Amazonia and the Neotropics at large: Implications for vegetation history reconstruction. Quaternary International, 565, 54-74",2020,Modern,Methodological - modern reference,,closed,Hybrid,None-not-oa,,One reference to generic ref or multiple references,Not applicable,Yes,ICPN 2.0,No,Data in supplementary file,None,Presence/absence,.xslx,All data included,Data not in repository,Only significant ones,None,"This study includes species that tipically occur in the Neotropics so I could not choose one particular country. Also, I have included this paper because, although samples were collected in herbariums from outside of South America, the species are found there and the focus of the study is on South American taxa."
11/11/2021 16:04,Javier Ruiz-Pérez,Journal of South American Earth Sciences,"Patterer, N. I., Kröhling, D. M., & Zucol, A. F. (2020). Phytolith analysis in Quaternary fluvial deposits (El Palmar Formation-Late Pleistocene) of the Uruguay River valley, Entre Ríos province, Argentina. Journal of South American Earth Sciences, 100, 102542",2020,Late Pleistocene,Palaeoecology,Argentina,green,Hybrid,CONICET - CONICET Digital,,Summary of method,Yes,No,ICPN 2.0,Yes,No data (includes graphs),None,No data provided in a table - only graph,No data table,None,Data not in repository,All,None,
11/11/2021 16:30,Javier Ruiz-Pérez,Quaternary International,"Patterer, N. I., Zucol, A. F., Pepi, M. G. F., & Brea, M. (2019). Plant and soil phytolith analysis of a relictual community of Butia yatay in temperate-humid savannas (Entre Ríos, Argentina). Quaternary International, 525, 126-139",2019,Modern,Methodological - modern reference,Argentina,closed,Hybrid,None-not-oa,,Summary of method,Yes,No,ICPN 1.0,No,No data (includes graphs),None,No data provided in a table - only graph,No data table,None,Data not in repository,Only significant ones,PAST,
11/11/2021 16:44,Javier Ruiz-Pérez,Catena,"da Silva Neto, E. C., Pereira, M. G., dos Anjos, L. H. C., Calegari, M. R., Azevedo, A. C., Schiavo, J. A., & Pessenda, L. C. R. (2020). Phytoliths as paleopedological records of an histosol-cambisol-ferralsol sequence in Southeastern Brazil. Catena, 193, 104642",2020,Late Holocene,Palaeoecology,Brazil,closed,Hybrid,None-not-oa,,One reference to generic ref or multiple references,Yes,Yes,ICPN 2.0,No,No data (includes graphs),None,No data provided in a table - only graph,No data table,None,Data not in repository,None,"C2, TiliaGraph, CONISS",
11/11/2021 17:27,Javier Ruiz-Pérez,Science of the Total Environment,"da Silva Neto, E. C., Calegari, M. R., Pereira, M. G., Maranhão, D. D. C., Schiavo, J. A., Fontana, A., & Fernandes, J. C. F. (2018). Phytoliths as indicators of pedogenesis and paleoenvironmental changes in Spodosols of the state of Rio de Janeiro, Brazil. Science of the Total Environment, 636, 1070-1080",2018,Late Pleistocene,Palaeoecology,Brazil,closed,Hybrid,None-not-oa,,Summary of method,Yes,Yes,ICPN 1.0,No,Data in text of article,None,Relative presence/percentages,Table in the text of the article,None,Data not in repository,Only significant ones,None,
11/11/2021 17:42,Javier Ruiz-Pérez,"Palaeogeography, Palaeoclimatology, Palaeoecology","Mourelle, D., del Puerto, L., Perez, L., Bergamino, L., & García-Rodríguez, F. (2020). Late Pleistocene and Late Holocene environment and climate in the campos region of southeastern South America inferred from phytolith, diatom and geochemical data. Palaeogeography, Palaeoclimatology, Palaeoecology, 543, 109586",2020,Late Pleistocene and Late Holocene,Palaeoecology,Uruguay,closed,Hybrid,None-not-oa,,Summary of method,Yes,Yes,ICPN 1.0,No,No data (includes graphs),None,No data provided in a table - only graph,No data table,None,Data not in repository,None,"PAST, CONISS",Cannot assess if ICPN 1.0 is fully used or not because morphotypes have not been reported.
11/11/2021 18:14,Javier Ruiz-Pérez,Botanical Journal of the Linnean Society,"Morcote-Ríos, G., Bernal, R., & Raz, L. (2016). Phytoliths as a tool for archaeobotanical, palaeobotanical and palaeoecological studies in Amazonian palms. Botanical journal of the Linnean Society, 182(2), 348-360",2016,Modern,Methodological - modern reference,Colombia,bronze,Hybrid,Publisher,,Full protocol in text/supplementary files,Yes,No,ICPN 1.0,Yes,Data in text of article,None,Presence/absence,Table in the text of the article,All data included,Data not in repository,All,None,
11/11/2021 18:25,Javier Ruiz-Pérez,Revista Brasileria de Paleontologia,"Luz, L. D., Parolin, M., PESSENDA, L. C. R., Rasbold, G. G., & Lo, E. (2019). Multiproxy analysis (Phytoliths, stable isotopes, and c/n) as indicators of paleoenvironmental changes in a Cerrado site, Southern Brazil. Revista Brasileira de Paleontologia, 22(1), 15-29",2019,Late Pleistocene-Holocene,Palaeoecology,Brazil,bronze,Open,Publisher,,Full protocol in text/supplementary files,Yes,No,ICPN 1.0,Yes,Data in supplementary file,None,Raw counts,.pdf,All data included,Data not in repository,Only significant ones,None,
11/12/2021 03:23,Céline Kerfant,Boletín de la Sociedad Argentina de Botánica,"Fernández Honaine, M., de Rito, M. V., & Osterrieth, M. L. (2018). Análisis de los silicofitolitos presentes en especies de las familias Cannabaceae, Moraceae y Urticaceae del SE bonaerense y estudio comparativo de los cistolitos.",2018,Modern,Methodological - modern reference,Argentina,gold,Open,None-gold,,One reference to specific protocol,Not applicable,Yes,ICPN 1.0,No,Data in text of article,None,No data provided in a table - only graph,No data table,None,CC-BY,Only significant ones,PC-ORD version 6,The reference collection is more about cystoliths than phytoliths/The complete licence description is CC BY-NC-SA 2. 5
11/15/2021 4:17:07,Céline Kerfant,Soil & Tillage Research,"Frayssinet, C., Osterrieth, L. M., Borrelli, L. N., Honaine, M. F., Ciarlo, E., & Heiland, P. (2019). Effect of silicate fertilizers on wheat and soil properties in Southeastern Buenos Aires province, Argentina. A preliminary study. Soil and Tillage Research, 195, 104412.",2019,Modern,Geochemical,Argentina,closed,Hybrid,None-not-oa,,Summary of method,Not applicable,No,None specified/not clear,Not used,No data (includes graphs),None,Mean or ranges,Table in the text of the article,None,Data not in repository,None,Infostat,
11/15/2021 4:46:18,Céline Kerfant,Antiquity,"Heider, G., & López, L. (2018). The South American agricultural frontier: the first direct evidence for maize consumption in San Luis, Argentina. antiquity, 92(365), 1260-1273.",2018,Holocene,Archaeological,Argentina,closed,Hybrid,None-not-oa,,One reference to specific protocol,Not applicable,Yes,ICPN 1.0,No,No data (includes graphs),None,Unclear what is presented,No data table,None,Data not in repository,Only significant ones,None,
11/15/2021 5:34:41,Céline Kerfant,Nature Ecology & Evolution,"Hilbert, L., Neves, E. G., Pugliese, F., Whitney, B. S., Shock, M., Veasey, E., ... & Iriarte, J. (2017). Evidence for mid-Holocene rice domestication in the Americas. Nature Ecology & Evolution, 1(11), 1693-1698.",2017,Holocene,Archaeological,Brazil,green,Hybrid,University or Institution repository,,Summary of method,No,Yes,Other lab specific nomenclature to be added as we go,Not used,Data in supplementary file,None,Mean or ranges,.pdf,Data on request,Data not in repository,Only significant ones,R,"The aim of this research is only to identify  Rice phytolith, the authors used the phytolith reference collection of the Archaeobotany and Palaeoecology Laboratory in the Department of Archaeology of the University of Exeter."
11/15/2021 6:52:56,Céline Kerfant,Australian Journal of Botany,"Honaine, M. F., Borrelli, N. L., Osterrieth, M., & Del Rio, L. (2016). Leaf and culm silicification of Pampas grass (Cortaderia selloana) developed on different soils from Pampean region, Argentina. Australian Journal of Botany, 65(1), 1-10.",2016,Modern,Plant Physiology,Argentina,closed,Hybrid,None-not-oa,,Summary of method,Not applicable,Yes,None specified/not clear,Not used,Data in text of article,None,Mean or ranges,Table in the text of the article,None,Data not in repository,Only significant ones,None,"This article aims to study the silification process of one plant Cortaderia
selloana on different soils"
11/16/2021 3:35:02,Céline Kerfant,Frontiers in Ecology and Evolution,"Huisman, S. N., Raczka, M. F., & McMichael, C. N. (2018). Palm phytoliths of mid-elevation Andean forests. Frontiers in Ecology and Evolution, 6, 193.",2018,Modern,Methodological - modern reference,Andes,gold,Open,None-gold,,Summary of method,Not applicable,Yes,Other lab specific nomenclature to be added as we go,Not used,Data in text of article,University or Institution repository,Relative presence/percentages,Table in the text of the article,All data included,CC-BY,All,None,"This paper aims at studying palm tree phytoliths production in various ecosystems of the Andean regions which covers many countries/     Nomenclature used: Gaspar Morcote-Ríos & Rodrigo Bernal, 2001"
11/16/2021 4:13:38,Céline Kerfant,Vegetation History and Archaeobotany,"Huisman, S. N., Bush, M. B., & McMichael, C. N. (2019). Four centuries of vegetation change in the mid-elevation Andean forests of Ecuador. Vegetation History and Archaeobotany, 28(6), 679-689.",2019,Holocene,Palaeoecology,Ecuador,hybrid,Hybrid,Publisher/University or Institution repository,,Summary of method,No,Yes,Other lab specific nomenclature to be added as we go,Not used,Data in text of article,None,Relative presence/percentages,No data table,None,CC-BY,None,"C2, R","Little Ice Age is the term used by the authors to qualify the studied period./ The nomenclatures used are Gaspar Morcote-Ríos & Rodrigo Bernal, 2001 and Pierno, 2006"
11/16/2021 5:40:15,Céline Kerfant,Quaternary Science Reviews,"Iriarte, J., Elliott, S., Maezumi, S. Y., Alves, D., Gonda, R., Robinson, M., ... & Handley, J. (2020). The origins of Amazonian landscapes: Plant cultivation, domestication and the spread of food production in tropical South America. Quaternary Science Reviews, 248, 106582.",2020,Holocene,Archaeological,"Bolivia, Brazil",gold,Hybrid,None-gold,,One reference to specific protocol,No,Yes,Other lab specific nomenclature to be added as we go,Not used,Data in supplementary file,None,Relative presence/percentages,.doc,None,No license,None,R,"This article reviews 23 anthrosol profiles and various Amazonian crop diversity centres  from ten sites across SW, Central and E Amazonia (Bolivia, Brazil)./ The procedure is  the method of Lombardo et al. (2016)/ Nomenclatures: Dickau et al., 2013; Piperno, 2006; Watling, Iriarte, 2013 and the reference collection of the Archaeobotany Laboratory at the University of Exeter."
11/16/2021 8:43:30,Céline Kerfant,Review of Palaeobotany and Palynology,"Lombardo, U., Ruiz-Pérez, J., & Madella, M. (2016). Sonication improves the efficiency, efficacy and safety of phytolith extraction. Review of Palaeobotany and Palynology, 235, 1-5.",2016,Modern,Methodological - extraction method,Bolivia,bronze,Hybrid,Publisher,,Summary of method,Not applicable,Yes,None specified/not clear,Not used,No data (includes graphs),None,No data provided in a table - only graph,No data table,None,Data not in repository,None,None,
11/18/2021 4:42:22,Céline Kerfant,Global and Planetary Change,"Lombardo, U., Ruiz-Pérez, J., Rodrigues, L., Mestrot, A., Mayle, F., Madella, M., ... & Veit, H. (2019). Holocene land cover change in south-western Amazonia inferred from paleoflood archives. Global and planetary change, 174, 105-114.",2019,Holocene,Palaeoecology,Bolivia,green,Hybrid,University or Institution repository,,One reference to specific protocol,Yes,Yes,ICPN 1.0,No,Data in repository with DOI,Mendeley Data,Raw counts,.xslx,Dataset link to repository with DOI,CC-BY,None,None,
11/18/2021 5:27:00,Céline Kerfant,Nature,"Lombardo, U., Iriarte, J., Hilbert, L., Ruiz-Pérez, J., Capriles, J. M., & Veit, H. (2020). Early Holocene crop cultivation and landscape modification in Amazonia. Nature, 581(7807), 190-193.",2020,Holocene,Archaeological,Bolivia,green,Hybrid,Europe PubMed Central,,One reference to specific protocol,No,Yes,Other lab specific nomenclature to be added as we go,Not used,Data in supplementary file,None,Unclear what is presented,.xslx,All data included,Data not in repository,Only significant ones,None,"The nomenclatures used are The phytolith reference collection of the Archaeobotany and Palaeoecology Laboratory (Department of Archaeology, University of Exeter, Piperno 2006 and 2009, Iriarte, 2003, Watling et al.2016 and Dickau et al. 2013. The excel spreadsheet has no labels to say what the numbers are - could be absolute counts or percentages?"
